"","{#status->#Y}"
"0.0","0.002"
"0.1","0.0010776222512701905"
"0.2","0.0006790750745143885"
"0.30000000000000004","0.0005190212437815994"
"0.4","0.00046875040915197503"
"0.5","0.0004703232331234191"
"0.6000000000000001","0.0004977888158814962"
"0.7000000000000001","0.0005396667461229327"
"0.8","0.0005910351310436515"
"0.9","0.0006499579887822926"
"1.0","0.0007158728738755233"
"1.1","0.0007888639738164186"
"1.2000000000000002","0.0008693351331512367"
"1.3","0.0009578634218010356"
"1.4000000000000001","0.0010551340869636456"
"1.5","0.001161912024204233"
"1.6","0.001279029416872472"
"1.7000000000000002","0.0014073802511683426"
"1.8","0.0015479173928206514"
"1.9000000000000001","0.0017016501426817528"
"2.0","0.0018696411784133225"
"2.1","0.002053002218892524"
"2.2","0.002252887925797983"
"2.3000000000000003","0.0024704876240539122"
"2.4000000000000004","0.00270701444507331"
"2.5","0.002963691506125453"
"2.6","0.0032417347530328414"
"2.7","0.003542332122920595"
"2.8000000000000003","0.0038666187375078886"
"2.9000000000000004","0.004215647922973124"
"3.0","0.004590357976494697"
"3.1","0.0049915347678071605"
"3.2","0.005419770480276983"
"3.3000000000000003","0.005875419060893241"
"3.4000000000000004","0.00635854925874984"
"3.5","0.006868896478057995"
"3.6","0.007405815038698451"
"3.7","0.007968232801494222"
"3.8000000000000003","0.00855461044587766"
"3.9000000000000004","0.009162907947029198"
"4.0","0.00979056094632453"
"4.1000000000000005","0.01043446970121456"
"4.2","0.01109100310162202"
"4.3","0.011756019823865295"
"4.4","0.012424908051792494"
"4.5","0.01309264434287858"
"4.6000000000000005","0.013753871195237858"
"4.7","0.014402991746526393"
"4.800000000000001","0.015034278896016884"
"4.9","0.015641995088621213"
"5.0","0.016220518137966124"
"5.1000000000000005","0.01676446788677183"
"5.2","0.017268828274078597"
"5.300000000000001","0.01772905953284209"
"5.4","0.018141195770406217"
"5.5","0.018501924040974612"
"5.6000000000000005","0.018808642122666273"
"5.7","0.019059493458909622"
"5.800000000000001","0.01925337900295367"
"5.9","0.019389946908528074"
"6.0","0.01946956204969261"
"6.1000000000000005","0.019493258164647368"
"6.2","0.019462675966990372"
"6.300000000000001","0.019379990847682757"
"6.4","0.01924783382068184"
"6.5","0.019069209182179112"
"6.6000000000000005","0.01884741200619426"
"6.7","0.01858594814066394"
"6.800000000000001","0.018288458849107583"
"6.9","0.017958651708338397"
"7.0","0.017600238858685627"
"7.1000000000000005","0.017216883236209124"
"7.2","0.01681215301327005"
"7.300000000000001","0.01638948414294986"
"7.4","0.015952150645669242"
"7.5","0.015503242089295278"
"7.6000000000000005","0.015045647589942169"
"7.7","0.014582045590514493"
"7.800000000000001","0.014114898647995673"
"7.9","0.013646452468862359"
"8.0","0.013178738465853544"
"8.1","0.012713579160777144"
"8.200000000000001","0.012252595820487915"
"8.3","0.011797217781287388"
"8.4","0.011348692986652443"
"8.5","0.010908099331343894"
"8.6","0.01047635646944676"
"8.700000000000001","0.010054237803371181"
"8.8","0.009642382424515598"
"8.9","0.009241306823836101"
"9.0","0.008851416231986719"
"9.1","0.008473015484237303"
"9.200000000000001","0.008106319335433746"
"9.3","0.007751462175324647"
"9.4","0.007408507115167244"
"9.5","0.007077454433179223"
"9.600000000000001","0.006758249379643274"
"9.700000000000001","0.006450789352787135"
"9.8","0.006154930464403455"
"9.9","0.005870493519945217"
"10.0","0.005597269441892191"
"10.100000000000001","0.00533502416784482"
"10.200000000000001","0.005083503056334202"
"10.3","0.004842434833970859"
"10.4","0.004611535117485995"
"10.5","0.004390509543609661"
"10.600000000000001","0.004179056538716493"
"10.700000000000001","0.003976869758862257"
"10.8","0.003783640229324147"
"10.9","0.003599058211117328"
"11.0","0.0034228148202477024"
"11.100000000000001","0.0032546034237218905"
"11.200000000000001","0.003094120834605233"
"11.3","0.0029410683267238964"
"11.4","0.0027951524879678237"
"11.5","0.0026560859295813068"
"11.600000000000001","0.0025235878673370515"
"11.700000000000001","0.0023973845890836107"
"11.8","0.0022772098218382295"
"11.9","0.0021628050103681858"
"12.0","0.0020539195180629536"
"12.100000000000001","0.0019503107598447893"
"12.200000000000001","0.0018517442758936404"
"12.3","0.0017579937540699515"
"12.4","0.001668841008101838"
"12.5","0.0015840759178568985"
"12.600000000000001","0.0015034963373390996"
"12.700000000000001","0.0014269079754332245"
"12.8","0.0013541242538588555"
"12.9","0.0012849661462884462"
"13.0","0.0012192620021255623"
"13.100000000000001","0.001156847358025873"
"13.200000000000001","0.0010975647398711777"
"13.3","0.0010412634575721507"
"13.4","0.0009877993947752402"
"13.5","0.0009370347952802195"
"13.600000000000001","0.0008888380477343648"
"13.700000000000001","0.00084308346995452"
"13.8","0.0007996510940369309"
"13.9","0.0007584264532444927"
"14.0","0.0007193003715098591"
"14.100000000000001","0.0006821687562588737"
"14.200000000000001","0.0006469323951402602"
"14.3","0.0006134967571429003"
"14.4","0.000581771798489915"
"14.5","0.0005516717736178508"
"14.600000000000001","0.0005231150514783979"
"14.700000000000001","0.0004960239373381565"
"14.8","0.0004703245001980791"
"14.9","0.00044594640590747583"
"15.0","0.00042282275600709286"
"15.100000000000001","0.00040088993230106575"
"15.200000000000001","0.0003800874471278685"
"15.3","0.00036035779927515843"
"15.4","0.0003416463354621463"
"15.5","0.0003239011172953361"
"15.600000000000001","0.0003070727935887707"
"15.700000000000001","0.00029111447792792237"
"15.8","0.0002759816313467426"
"15.9","0.00026163194997984757"
"16.0","0.0002480252575460946"
"16.1","0.00023512340251566908"
"16.2","0.00022289015981004186"
"16.3","0.00021129113688258516"
"16.400000000000002","0.00020029368402708943"
"16.5","0.00018986680876175306"
"16.6","0.00017998109413729693"
"16.7","0.00017060862081956607"
"16.8","0.00016172289279922346"
"16.900000000000002","0.00015329876658382545"
"17.0","0.00014531238373061576"
"17.1","0.00013774110658171604"
"17.2","0.00013056345706696613"
"17.3","0.00012375905844342166"
"17.400000000000002","0.00011730857984440632"
"17.5","0.00011119368351499945"
"17.6","0.00010539697461488242"
"17.7","9.990195347353998e-5"
"17.8","9.46929701868886e-5"
"17.900000000000002","8.975518144846222e-5"
"18.0","8.507450951230715e-5"
"18.1","8.063760318870644e-5"
"18.2","7.643180077775768e-5"
"18.3","7.244509484965478e-5"
"18.400000000000002","6.866609878426619e-5"
"18.5","6.508401498625066e-5"
"18.6","6.168860469550346e-5"
"18.7","5.847015931617497e-5"
"18.8","5.541947319084677e-5"
"18.900000000000002","5.252781774968795e-5"
"19.0","4.978691696754142e-5"
"19.1","4.718892406490936e-5"
"19.200000000000003","4.472639939171755e-5"
"19.3","4.239228943554004e-5"
"19.400000000000002","4.017990689866122e-5"
"19.5","3.808291179094282e-5"
"19.6","3.6095293487949424e-5"
"19.700000000000003","3.421135370617241e-5"
"19.8","3.242569034947866e-5"
"19.900000000000002","3.0733182183100744e-5"
"20.0","2.912897429358272e-5"
"20.1","2.7608464295101322e-5"
"20.200000000000003","2.6167289244500742e-5"
"20.3","2.480131322921242e-5"
"20.400000000000002","2.3506615593981892e-5"
"20.5","2.227947977399679e-5"
"20.6","2.111638270360523e-5"
"20.700000000000003","2.0013984771335864e-5"
"20.8","1.896912029338205e-5"
"20.900000000000002","1.7978788479096114e-5"
"21.0","1.704014486335788e-5"
"21.1","1.6150493181937735e-5"
"21.200000000000003","1.5307277667170355e-5"
"21.3","1.4508075742394208e-5"
"21.400000000000002","1.3750591094695816e-5"
"21.5","1.3032647106529338e-5"
"21.6","1.2352180627763522e-5"
"21.700000000000003","1.1707236070641574e-5"
"21.8","1.1095959811027396e-5"
"21.900000000000002","1.0516594880155776e-5"
"22.0","9.967475931906794e-6"
"22.1","9.4470244713874e-6"
"22.200000000000003","8.953744331328268e-6"
"22.3","8.48621738349281e-6"
"22.400000000000002","8.043099472949855e-6"
"22.5","7.6231165636831685e-6"
"22.6","7.2250610846016775e-6"
"22.700000000000003","6.847788465575097e-6"
"22.8","6.490213853652345e-6"
"22.900000000000002","6.151309000125864e-6"
"23.0","5.830099309585213e-6"
"23.1","5.525661042559088e-6"
"23.200000000000003","5.23711866377775e-6"
"23.3","4.9636423284985115e-6"
"23.400000000000002","4.704445499726831e-6"
"23.5","4.458782689535496e-6"
"23.6","4.225947318035517e-6"
"23.700000000000003","4.0052696838854525e-6"
"23.8","3.796115040542039e-6"
"23.900000000000002","3.5978817727549205e-6"
"24.0","3.4099996680927857e-6"
"24.1","3.231928278558202e-6"
"24.200000000000003","3.0631553676044996e-6"
"24.3","2.903195438110966e-6"
"24.400000000000002","2.751588337103045e-6"
"24.5","2.607897933222758e-6"
"24.6","2.4717108631618812e-6"
"24.700000000000003","2.3426353434669856e-6"
"24.8","2.2203000443119143e-6"
"24.900000000000002","2.1043530220100883e-6"
"25.0","1.994460707206725e-6"
"25.1","1.89030694585007e-6"
"25.200000000000003","1.7915920901915358e-6"
"25.3","1.6980321372076373e-6"
"25.400000000000002","1.6093579119721928e-6"
"25.5","1.5253142936358305e-6"
"25.6","1.4456594817917338e-6"
"25.700000000000003","1.3701643011221502e-6"
"25.8","1.2986115423297634e-6"
"25.900000000000002","1.2307953374619411e-6"
"26.0","1.166520567834374e-6"
"26.1","1.1056023028540143e-6"
"26.200000000000003","1.0478652681297758e-6"
"26.3","9.931433413433883e-7"
"26.400000000000002","9.412790744323984e-7"
"26.5","8.921232407127397e-7"
"26.6","8.455344056398304e-7"
"26.700000000000003","8.013785199749549e-7"
"26.8","7.595285341879669e-7"
"26.900000000000002","7.198640329882846e-7"
"27.0","6.82270888933911e-7"
"27.1","6.4664093412297e-7"
"27.200000000000003","6.128716490241588e-7"
"27.3","5.808658675517112e-7"
"27.400000000000002","5.505314975371254e-7"
"27.5","5.217812557941044e-7"
"27.6","4.945324170150837e-7"
"27.700000000000003","4.68706575777434e-7"
"27.8","4.4422942097509556e-7"
"27.900000000000002","4.210305220270878e-7"
"28.0","3.990431262481756e-7"
"28.1","3.782039667990452e-7"
"28.200000000000003","3.5845308066374236e-7"
"28.3","3.397336361309383e-7"
"28.400000000000002","3.2199176928290477e-7"
"28.5","3.0517642902196616e-7"
"28.6","2.892392301887354e-7"
"28.700000000000003","2.7413431434970074e-7"
"28.8","2.598182178537752e-7"
"28.900000000000002","2.4624974677831724e-7"
"29.0","2.333898584049383e-7"
"29.1","2.212015488841848e-7"
"29.200000000000003","2.0964974676597696e-7"
"29.3","1.9870121208955227e-7"
"29.400000000000002","1.8832444074264672e-7"
"29.5","1.7848957381479963e-7"
"29.6","1.6916831168402737e-7"
"29.700000000000003","1.6033383258972473e-7"
"29.8","1.5196071545755358e-7"
"29.900000000000002","1.440248667543058e-7"
"30.0","1.3650345116231932e-7"
"30.1","1.2937482587400984e-7"
"30.200000000000003","1.2261847831749345e-7"
"30.3","1.1621496713414396e-7"
"30.400000000000002","1.1014586623828177e-7"
"30.5","1.0439371179805683e-7"
"30.6","9.894195198499047e-8"
"30.700000000000003","9.377489934760514e-8"
"30.8","8.88776856721188e-8"
"30.900000000000002","8.423621920033559e-8"
"31.0","7.983714408164457e-8"
"31.1","7.566780194246577e-8"
"31.200000000000003","7.171619546257316e-8"
"31.3","6.79709538534984e-8"
"31.400000000000002","6.44213001396907e-8"
"31.5","6.105702014829404e-8"
"31.6","5.7868433118319175e-8"
"31.700000000000003","5.4846363844646095e-8"
"31.8","5.198211627670862e-8"
"31.900000000000002","4.9267448495897514e-8"
"32.0","4.669454899968549e-8"
"32.1","4.425601422423664e-8"
"32.2","4.194482724082618e-8"
"32.300000000000004","3.975433756477333e-8"
"32.4","3.7678242018791306e-8"
"32.5","3.571056659569186e-8"
"32.6","3.3845649268256944e-8"
"32.7","3.207812369681572e-8"
"32.800000000000004","3.0402903787647424e-8"
"32.9","2.881516905777908e-8"
"33.0","2.731035076406685e-8"
"33.1","2.5884118756649162e-8"
"33.2","2.453236901894368e-8"
"33.300000000000004","2.3251211858335727e-8"
"33.4","2.203696071357797e-8"
"33.5","2.0886121546695484e-8"
"33.6","1.9795382788872375e-8"
"33.7","1.8761605811389896e-8"
"33.800000000000004","1.7781815894196834e-8"
"33.9","1.685319366612479e-8"
"34.0","1.5973066992118082e-8"
"34.1","1.5138903284134158e-8"
"34.2","1.4348302213589543e-8"
"34.300000000000004","1.35989888043817e-8"
"34.4","1.28888068866122e-8"
"34.5","1.2215712892174614e-8"
"34.6","1.1577769974354065e-8"
"34.7","1.097314243451777e-8"
"34.800000000000004","1.0400090439859562e-8"
"34.9","9.856965016998772e-9"
"35.0","9.342203307027684e-9"
"35.1","8.854324068354035e-9"
"35.2","8.391923414398068e-9"
"35.300000000000004","7.953670773879399e-9"
"35.4","7.538305062069475e-9"
"35.5","7.14463105199243e-9"
"35.6","6.7715159351324994e-9"
"35.7","6.41788606175143e-9"
"35.800000000000004","6.082723851436159e-9"
"35.9","5.76506486498688e-9"
"36.0","5.463995029219825e-9"
"36.1","5.178648006699153e-9"
"36.2","4.908202702829299e-9"
"36.300000000000004","4.65188090313448e-9"
"36.4","4.408945033926563e-9"
"36.5","4.178696039917628e-9"
"36.6","3.960471372670029e-9"
"36.7","3.7536430840956855e-9"
"36.800000000000004","3.5576160195186537e-9"
"36.9","3.371826105101453e-9"
"37.0","3.1957387247072326e-9"
"37.1","3.0288471815271464e-9"
"37.2","2.8706712400462623e-9"
"37.300000000000004","2.7207557441524778e-9"
"37.4","2.5786693074120366e-9"
"37.5","2.44400307174288e-9"
"37.6","2.316369530913905e-9"
"37.7","2.19540141548471e-9"
"37.800000000000004","2.0807506359772365e-9"
"37.9","1.972087281238249e-9"
"38.0","1.8690986691104266e-9"
"38.1","1.7714884466803472e-9"
"38.2","1.6789757375143142e-9"
"38.300000000000004","1.5912943334281732e-9"
"38.400000000000006","1.508191928465414e-9"
"38.5","1.4294293928793236e-9"
"38.6","1.3547800850300416e-9"
"38.7","1.2840291992164988e-9"
"38.800000000000004","1.2169731475665992e-9"
"38.900000000000006","1.1534189742070231e-9"
"39.0","1.093183800026912e-9"
"39.1","1.0360942964377242e-9"
"39.2","9.819861866149933e-10"
"39.300000000000004","9.307037727868007e-10"
"39.400000000000006","8.820994882087212e-10"
"39.5","8.360334725360369e-10"
"39.6","7.923731693713424e-10"
"39.7","7.509929448294736e-10"
"39.800000000000004","7.117737260221693e-10"
"39.900000000000006","6.746026584221965e-10"
"40.0","6.393727811209939e-10"
"40.1","6.059827190453787e-10"
"40.2","5.743363912476622e-10"
"40.300000000000004","5.443427344297699e-10"
"40.400000000000006","5.159154409057992e-10"
"40.5","4.889727102489945e-10"
"40.6","4.6343701390849635e-10"
"40.7","4.392348721185438e-10"
"40.800000000000004","4.162966424581766e-10"
"40.900000000000006","3.9455631945301563e-10"
"41.0","3.7395134464246703e-10"
"41.1","3.5442242656581356e-10"
"41.2","3.3591337014919784e-10"
"41.300000000000004","3.183709150025539e-10"
"41.400000000000006","3.017445821611806e-10"
"41.5","2.859865288309525e-10"
"41.6","2.7105141071919217e-10"
"41.7","2.5689625155505753e-10"
"41.800000000000004","2.4348031942398425e-10"
"41.900000000000006","2.307650095603336e-10"
"42.0","2.1871373326097596e-10"
"42.1","2.072918126001572e-10"
"42.2","1.9646638064268558e-10"
"42.300000000000004","1.8620628686830016e-10"
"42.400000000000006","1.7648200753507648e-10"
"42.5","1.672655607239372e-10"
"42.6","1.5853042581980576e-10"
"42.7","1.502514671977077e-10"
"42.800000000000004","1.4240486189422422e-10"
"42.900000000000006","1.3496803105616976e-10"
"43.0","1.2791957496923586e-10"
"43.1","1.212392114796437e-10"
"43.2","1.1490771763161171e-10"
"43.300000000000004","1.0890687435269865e-10"
"43.400000000000006","1.032194140278522e-10"
"43.5","9.782897081130575e-11"
"43.6","9.272003353334465e-11"
"43.7","8.787790106642927e-11"
"43.800000000000004","8.328864002223984e-11"
"43.900000000000006","7.893904465791491e-11"
"44.0","7.481659887611206e-11"
"44.1","7.090944020954567e-11"
"44.2","6.720632568636505e-11"
"44.300000000000004","6.369659947815045e-11"
"44.400000000000006","6.037016223743251e-11"
"44.5","5.721744203650305e-11"
"44.6","5.422936682389281e-11"
"44.7","5.13973383192586e-11"
"44.800000000000004","4.871320727156187e-11"
"44.900000000000006","4.616925000934295e-11"
"45.0","4.3758146215614044e-11"
"45.1","4.1472957863417335e-11"
"45.2","3.9307109251434494e-11"
"45.300000000000004","3.725436808219974e-11"
"45.400000000000006","3.530882752846816e-11"
"45.5","3.346488923613482e-11"
"45.6","3.1717247214795006e-11"
"45.7","3.006087256959019e-11"
"45.800000000000004","2.8490999030405106e-11"
"45.900000000000006","2.700310923677581e-11"
"46.0","2.559292173904299e-11"
"46.1","2.42563786783461e-11"
"46.2","2.2989634110007e-11"
"46.300000000000004","2.17890429367033e-11"
"46.400000000000006","2.0651150419586292e-11"
"46.5","1.957268223716136e-11"
"46.6","1.8550535063324988e-11"
"46.7","1.7581767637446384e-11"
"46.800000000000004","1.666359230079757e-11"
"46.900000000000006","1.579336697497781e-11"
"47.0","1.496858755924995e-11"
"47.1","1.4186880724911863e-11"
"47.2","1.3445997085968526e-11"
"47.300000000000004","1.2743804726453096e-11"
"47.400000000000006","1.2078283065771716e-11"
"47.5","1.1447517044419354e-11"
"47.6","1.0849691613335872e-11"
"47.7","1.0283086511045298e-11"
"47.800000000000004","9.746071313549366e-12"
"47.900000000000006","9.237100742731199e-12"
"48.0","8.754710219768955e-12"
"48.1","8.297511650764219e-12"
"48.2","7.864189432458187e-12"
"48.300000000000004","7.453496666541917e-12"
"48.400000000000006","7.064251571667247e-12"
"48.5","6.695334082833818e-12"
"48.6","6.34568262836682e-12"
"48.7","6.014291075211115e-12"
"48.800000000000004","5.7002058337517514e-12"
"48.900000000000006","5.402523113829855e-12"
"49.0","5.1203863240580384e-12"
"49.1","4.852983606951745e-12"
"49.2","4.599545502783817e-12"
"49.300000000000004","4.359342735439938e-12"
"49.400000000000006","4.131684113903679e-12"
"49.5","3.915914543332622e-12"
"49.6","3.711413140002348e-12"
"49.7","3.517591444694001e-12"
"49.800000000000004","3.333891729384383e-12"
"49.900000000000006","3.1597853923660305e-12"
"50.0","2.9947714371791777e-12"
"50.1","2.838375030978694e-12"
"50.2","2.6901461381876387e-12"
"50.300000000000004","2.549658225505741e-12"
"50.400000000000006","2.4165070345464115e-12"
"50.5","2.2903094185705285e-12"
"50.6","2.1707022399696444e-12"
"50.7","2.0573413253261016e-12"
"50.800000000000004","1.9499004750431987e-12"
"50.900000000000006","1.848070524695594e-12"
"51.0","1.7515584553989517e-12"
"51.1","1.660086550638886e-12"
"51.2","1.5733915971329598e-12"
"51.300000000000004","1.4912241274261863e-12"
"51.400000000000006","1.4133477020405836e-12"
"51.5","1.3395382291131418e-12"
"51.6","1.2695833195644401e-12"
"51.7","1.2032816759423922e-12"
"51.800000000000004","1.1404425131824985e-12"
"51.900000000000006","1.0808850096178228e-12"
"52.0","1.02443778665896e-12"
"52.1","9.70938415646756e-13"
"52.2","9.202329504587331e-13"
"52.300000000000004","8.72175484524282e-13"
"52.400000000000006","8.266277309739156e-13"
"52.5","7.83458624714455e-13"
"52.6","7.425439452851007e-13"
"52.7","7.03765959409152e-13"
"52.800000000000004","6.670130822127997e-13"
"52.900000000000006","6.321795561361437e-13"
"53.0","5.991651466124879e-13"
"53.1","5.678748536402231e-13"
"53.2","5.382186384173349e-13"
"53.300000000000004","5.101111642519194e-13"
"53.400000000000006","4.834715510031681e-13"
"53.5","4.582231423462207e-13"
"53.6","4.3429328519117845e-13"
"53.7","4.116131206215538e-13"
"53.800000000000004","3.901173857505728e-13"
"53.900000000000006","3.6974422592516594e-13"
"54.0","3.504350167372591e-13"
"54.1","3.321341953301955e-13"
"54.2","3.1478910051486864e-13"
"54.300000000000004","2.983498212354943e-13"
"54.400000000000006","2.8276905294897827e-13"
"54.5","2.6800196150460596e-13"
"54.6","2.540060541323636e-13"
"54.7","2.4074105716865657e-13"
"54.800000000000004","2.281688001675758e-13"
"54.900000000000006","2.1625310606423927e-13"
"55.0","2.0495968707415013e-13"
"55.1","1.9425604602901874e-13"
"55.2","1.8411138286513878e-13"
"55.300000000000004","1.7449650599523556e-13"
"55.400000000000006","1.653837483087555e-13"
"55.5","1.5674688755888543e-13"
"55.6","1.4856107090721296e-13"
"55.7","1.408027434089023e-13"
"55.800000000000004","1.3344958023259967e-13"
"55.900000000000006","1.264804224200292e-13"
"56.0","1.1987521600042497e-13"
"56.1","1.1361495428459956e-13"
"56.2","1.0768162317259822e-13"
"56.300000000000004","1.020581493175597e-13"
"56.400000000000006","9.672835099662383e-14"
"56.5","9.167689154751502e-14"
"56.6","8.688923523681437e-14"
"56.7","8.235160543292956e-14"
"56.800000000000004","7.805094496340428e-14"
"56.900000000000006","7.397487854249387e-14"
"57.0","7.011167716089135e-14"
"57.1","6.645022433513439e-14"
"57.2","6.297998411957452e-14"
"57.300000000000004","5.969097078886219e-14"
"57.400000000000006","5.65737201037081e-14"
"57.5","5.361926207723695e-14"
"57.6","5.08190951635682e-14"
"57.7","4.8165161794350404e-14"
"57.800000000000004","4.56498251928549e-14"
"57.900000000000006","4.3265847398910644e-14"
"58.0","4.1006368441446156e-14"
"58.1","3.886488659870708e-14"
"58.2","3.683523968934736e-14"
"58.300000000000004","3.491158734055863e-14"
"58.400000000000006","3.308839418221378e-14"
"58.5","3.136041391866538e-14"
"58.6","2.972267423236495e-14"
"58.7","2.8170462475862854e-14"
"58.800000000000004","2.6699312111017055e-14"
"58.900000000000006","2.530498985638916e-14"
"59.0","2.3983483505843967e-14"
"59.1","2.273099038330011e-14"
"59.2","2.154390640041009e-14"
"59.300000000000004","2.041881568568267e-14"
"59.400000000000006","1.935248075520529e-14"
"59.5","1.8341833196682255e-14"
"59.6","1.7383964839981888e-14"
"59.7","1.6476119388785513e-14"
"59.800000000000004","1.561568448925812e-14"
"59.900000000000006","1.4800184212918057e-14"
"60.0","1.4027271932074961e-14"
"60.1","1.3294723567334782e-14"
"60.2","1.2600431187741388e-14"
"60.300000000000004","1.1942396945138955e-14"
"60.400000000000006","1.1318727325301061e-14"
"60.5","1.0727627699283964e-14"
"60.6","1.0167397159325372e-14"
"60.7","9.63642362442888e-15"
"60.800000000000004","9.133179201550192e-15"
"60.900000000000006","8.656215789036847e-15"
"61.0","8.204160909670178e-15"
"61.1","7.77571376131895e-15"
"61.2","7.369641473840318e-15"
"61.300000000000004","6.98477556145723e-15"
"61.400000000000006","6.6200085604038506e-15"
"61.5","6.274290842163747e-15"
"61.6","5.946627593130833e-15"
"61.7","5.636075952001924e-15"
"61.800000000000004","5.341742296663691e-15"
"61.900000000000006","5.0627796727669334e-15"
"62.0","4.798385356588795e-15"
"62.1","4.547798545170011e-15"
"62.2","4.310298167080475e-15"
"62.300000000000004","4.085200807513509e-15"
"62.400000000000006","3.871858741738281e-15"
"62.5","3.669658071251511e-15"
"62.6","3.47801695726523e-15"
"62.7","3.2963839464473663e-15"
"62.800000000000004","3.1242363840974425e-15"
"62.900000000000006","2.9610789101912386e-15"
"63.0","2.806442033966744e-15"
"63.1","2.659880782949726e-15"
"63.2","2.5209734225314434e-15"
"63.300000000000004","2.389320242414045e-15"
"63.400000000000006","2.2645424064316187e-15"
"63.5","2.1462808624372123e-15"
"63.6","2.034195309118988e-15"
"63.7","1.9279632167724964e-15"
"63.800000000000004","1.827278899211308e-15"
"63.900000000000006","1.7318526341454014e-15"
"64.0","1.6414098294961609e-15"
"64.10000000000001","1.5556902332490353e-15"
"64.2","1.4744471845701825e-15"
"64.3","1.397446904032163e-15"
"64.4","1.324467820906285e-15"
"64.5","1.255299935585867e-15"
"64.60000000000001","1.1897442153057626e-15"
"64.7","1.1276120214193223e-15"
"64.8","1.0687245665847548e-15"
"64.9","1.0129124002989279e-15"
"65.0","9.60014921298218e-16"
"65.10000000000001","9.098799154233232e-16"
"65.2","8.623631176182329e-16"
"65.3","8.173277968029926e-16"
"65.4","7.746443624257221e-16"
"65.5","7.341899915617263e-16"
"65.60000000000001","6.958482754866673e-16"
"65.7","6.595088847067998e-16"
"65.8","6.250672514823826e-16"
"65.9","5.924242689307195e-16"
"66.0","5.614860058429881e-16"
"66.10000000000001","5.321634363942315e-16"
"66.2","5.043721839687482e-16"
"66.3","4.780322783637269e-16"
"66.4","4.530679256724731e-16"
"66.5","4.294072901850586e-16"
"66.60000000000001","4.069822876788077e-16"
"66.7","3.857283895038052e-16"
"66.8","3.6558443689967696e-16"
"66.9","3.464924650093338e-16"
"67.0","3.283975360832721e-16"
"67.10000000000001","3.1124758139447245e-16"
"67.2","2.949932514089997e-16"
"67.3","2.795877737811676e-16"
"67.4","2.6498681876464286e-16"
"67.5","2.511483716522064e-16"
"67.60000000000001","2.380326118771118e-16"
"67.7","2.2560179842815227e-16"
"67.8","2.1382016124871417e-16"
"67.9","2.0265379830731427e-16"
"68.0","1.9207057804343778e-16"
"68.10000000000001","1.820400469079628e-16"
"68.2","1.725333417321149e-16"
"68.3","1.6352310667279136e-16"
"68.4","1.5498341449526232e-16"
"68.5","1.4688969196673753e-16"
"68.60000000000001","1.3921864914611627e-16"
"68.7","1.319482123664494e-16"
"68.8","1.2505746071726857e-16"
"68.9","1.1852656584400842e-16"
"69.0","1.1233673489129279e-16"
"69.10000000000001","1.0647015642590241e-16"
"69.2","1.009099491838157e-16"
"69.3","9.564011349384057e-17"
"69.4","9.064548523805755e-17"
"69.5","8.59116922165936e-17"
"69.60000000000001","8.142511279116489e-17"
"69.7","7.717283668838443e-17"
"69.8","7.314262785004427e-17"
"69.9","6.932288922347332e-17"
"70.0","6.570262939065355e-17"
"70.10000000000001","6.227143094006899e-17"
"70.2","5.901942049027651e-17"
"70.3","5.59372402789402e-17"
"70.4","5.301602123557602e-17"
"70.5","5.0247357460522545e-17"
"70.60000000000001","4.762328203670032e-17"
"70.7","4.513624410455749e-17"
"70.8","4.277908713423394e-17"
"70.9","4.054502833242158e-17"
"71.0","3.8427639124663296e-17"
"71.10000000000001","3.642082665692782e-17"
"71.2","3.451881626323059e-17"
"71.3","3.271613484885088e-17"
"71.4","3.1007595141329496e-17"
"71.5","2.9388280763929286e-17"
"71.60000000000001","2.785353208860637e-17"
"71.7","2.639893282778395e-17"
"71.8","2.502029732634596e-17"
"71.9","2.3713658517282774e-17"
"72.0","2.247525650633119e-17"
"72.10000000000001","2.1301527752760416e-17"
"72.2","2.0189094815171576e-17"
"72.3","1.913475663280386e-17"
"72.4","1.8135479314381516e-17"
"72.5","1.718838740799632e-17"
"72.60000000000001","1.6290755626904256e-17"
"72.7","1.544000100742723e-17"
"72.8","1.4633675476393844e-17"
"72.9","1.3869458806731876e-17"
"73.0","1.3145151940941896e-17"
"73.10000000000001","1.2458670663240178e-17"
"73.2","1.1808039602162215e-17"
"73.3","1.1191386546369236e-17"
"73.4","1.0606937057301185e-17"
"73.5","1.0053009363173968e-17"
"73.60000000000001","9.528009519628261e-18"
"73.7","9.03042682310449e-18"
"73.8","8.558829463745823e-18"
"73.9","8.111860405320291e-18"
"74.0","7.688233480306348e-18"
"74.10000000000001","7.286729688905389e-18"
"74.2","6.9061936913314876e-18"
"74.3","6.545530483284834e-18"
"74.4","6.203702245042426e-18"
"74.5","5.879725355099182e-18"
"74.60000000000001","5.572667559766124e-18"
"74.7","5.281645290581074e-18"
"74.8","5.005821121812617e-18"
"74.9","4.7444013607412235e-18"
"75.0","4.4966337637834936e-18"
"75.10000000000001","4.261805371887583e-18"
"75.2","4.039240458971117e-18"
"75.3","3.8282985874981365e-18"
"75.4","3.628372765599945e-18"
"75.5","3.4388877004369256e-18"
"75.60000000000001","3.259298142775295e-18"
"75.7","3.089087318015295e-18"
"75.8","2.9277654391560256e-18"
"75.9","2.7748682974179474e-18"
"76.0","2.6299559264675227e-18"
"76.10000000000001","2.4926113364002534e-18"
"76.2","2.362439313839118e-18"
"76.3","2.2390652846956517e-18"
"76.4","2.1221342363212273e-18"
"76.5","2.011309695946993e-18"
"76.60000000000001","1.9062727624729007e-18"
"76.7","1.8067211888197614e-18"
"76.80000000000001","1.71236851220377e-18"
"76.9","1.6229432298308369e-18"
"77.0","1.5381880176387593e-18"
"77.10000000000001","1.457858989839141e-18"
"77.2","1.3817249971283647e-18"
"77.30000000000001","1.3095669615482055e-18"
"77.4","1.2411772460821128e-18"
"77.5","1.1763590571731682e-18"
"77.60000000000001","1.1149258784444358e-18"
"77.7","1.0567009339922223e-18"
"77.80000000000001","1.0015166797078549e-18"
"77.9","9.492143211642403e-19"
"78.0","8.996433566799069e-19"
"78.10000000000001","8.526611442456825e-19"
"78.2","8.081324910678293e-19"
"78.30000000000001","7.659292645465261e-19"
"78.4","7.259300235702851e-19"
"78.5","6.880196690653328e-19"
"78.60000000000001","6.520891127944067e-19"
"78.7","6.180349634519222e-19"
"78.80000000000001","5.857592291522386e-19"
"78.9","5.55169035454927e-19"
"79.0","5.261763581156476e-19"
"79.10000000000001","4.986977697936182e-19"
"79.2","4.726541999868175e-19"
"79.30000000000001","4.479707075041293e-19"
"79.4","4.2457626481970773e-19"
"79.5","4.0240355368903875e-19"
"79.60000000000001","3.813887714385743e-19"
"79.7","3.6147144737153265e-19"
"79.80000000000001","3.425942687615667e-19"
"79.9","3.247029159335921e-19"
"80.0","3.0774590595721333e-19"
"80.10000000000001","2.9167444450297293e-19"
"80.2","2.7644228543513387e-19"
"80.30000000000001","2.620055977369697e-19"
"80.4","2.4832283938563564e-19"
"80.5","2.353546378136913e-19"
"80.60000000000001","2.2306367661329975e-19"
"80.7","2.1141458815709062e-19"
"80.80000000000001","2.0037385182669991e-19"
"80.9","1.8990969755613678e-19"
"81.0","1.7999201441241934e-19"
"81.10000000000001","1.705922639504182e-19"
"81.2","1.6168339809258307e-19"
"81.30000000000001","1.5323978129724921e-19"
"81.4","1.4523711679155998e-19"
"81.5","1.3765237665673883e-19"
"81.60000000000001","1.3046373556452902e-19"
"81.7","1.2365050797412507e-19"
"81.80000000000001","1.1719308860887869e-19"
"81.9","1.1107289604149864e-19"
"82.0","1.0527231922540938e-19"
"82.10000000000001","9.977466681841072e-20"
"82.2","9.456411915281574e-20"
"82.30000000000001","8.962568271385958e-20"
"82.4","8.494514699538916e-20"
"82.5","8.050904360868483e-20"
"82.60000000000001","7.630460752674834e-20"
"82.7","7.23197403525362e-20"
"82.80000000000001","6.854297550544167e-20"
"82.9","6.496344522584858e-20"
"83.0","6.157084930281121e-20"
"83.10000000000001","5.835542543487338e-20"
"83.2","5.530792113873901e-20"
"83.30000000000001","5.2419567124960525e-20"
"83.4","4.9682052064032636e-20"
"83.5","4.708749867028033e-20"
"83.60000000000001","4.4628441034721653e-20"
"83.7","4.229780314167982e-20"
"83.80000000000001","4.0088878507325566e-20"
"83.9","3.7995310881559046e-20"
"84.0","3.601107595770028e-20"
"84.10000000000001","3.413046403735724e-20"
"84.2","3.2348063600589155e-20"
"84.30000000000001","3.065874573408774e-20"
"84.4","2.9057649372567804e-20"
"84.5","2.754016731089909e-20"
"84.60000000000001","2.61019329467286e-20"
"84.7","2.4738807715444965e-20"
"84.80000000000001","2.344686918132872e-20"
"84.9","2.2222399750620087e-20"
"85.0","2.1061875974026066e-20"
"85.10000000000001","1.9961958407884298e-20"
"85.2","1.8919482004808876e-20"
"85.30000000000001","1.7931447006166988e-20"
"85.4","1.6995010310179116e-20"
"85.5","1.6107477290804238e-20"
"85.60000000000001","1.5266294043868683e-20"
"85.7","1.446904003812653e-20"
"85.80000000000001","1.3713421150104858e-20"
"85.9","1.2997263062691285e-20"
"86.0","1.2318505008468113e-20"
"86.10000000000001","1.1675193839789275e-20"
"86.2","1.1065478408536563e-20"
"86.30000000000001","1.0487604239382708e-20"
"86.4","9.939908481233446e-21"
"86.5","9.420815122321205e-21"
"86.60000000000001","8.928830455181681e-21"
"86.7","8.462538778463644e-21"
"86.80000000000001","8.02059832320377e-21"
"86.9","7.60173739184426e-21"
"87.0","7.204750698883123e-21"
"87.10000000000001","6.828495902627246e-21"
"87.2","6.4718903180682405e-21"
"87.30000000000001","6.133907801422294e-21"
"87.4","5.813575797369156e-21"
"87.5","5.5099725404936164e-21"
"87.60000000000001","5.2222244028765465e-21"
"87.7","4.949503380203079e-21"
"87.80000000000001","4.6910247091541585e-21"
"87.9","4.446044609225413e-21"
"88.0","4.213858142475359e-21"
"88.10000000000001","3.99379718504431e-21"
"88.2","3.785228504606958e-21"
"88.30000000000001","3.587551938226443e-21"
"88.4","3.400198665366631e-21"
"88.5","3.2226295710931332e-21"
"88.60000000000001","3.054333694753126e-21"
"88.7","2.894826759670008e-21"
"88.80000000000001","2.743649779622031e-21"
"88.9","2.6003677380950144e-21"
"89.0","2.464568336508646e-21"
"89.10000000000001","2.3358608078143504e-21"
"89.2","2.213874792050818e-21"
"89.30000000000001","2.098259270621571e-21"
"89.4","1.988681556227912e-21"
"89.5","1.8848263355507622e-21"
"89.60000000000001","1.7863947619266674e-21"
"89.7","1.6931035954071262e-21"
"89.80000000000001","1.6046843877267333e-21"
"89.9","1.5208827098348521e-21"
"90.0","1.4414574197680205e-21"
"90.10000000000001","1.3661799687563684e-21"
"90.2","1.294833743567345e-21"
"90.30000000000001","1.22721344319433e-21"
"90.4","1.1631244880965309e-21"
"90.5","1.1023824602902358e-21"
"90.60000000000001","1.0448125726802656e-21"
"90.7","9.90249166104611e-22"
"90.80000000000001","9.385352326449838e-22"
"90.9","8.895219638315962e-22"
"91.0","8.430683224421073e-22"
"91.10000000000001","7.990406366625821e-22"
"91.2","7.573122154426428e-22"
"91.30000000000001","7.177629839379871e-22"
"91.4","6.802791379912477e-22"
"91.5","6.447528166569509e-22"
"91.60000000000001","6.11081791828254e-22"
"91.7","5.791691740723532e-22"
"91.80000000000001","5.489231338280934e-22"
"91.9","5.202566371635183e-22"
"92.0","4.93087195332995e-22"
"92.10000000000001","4.673366274132531e-22"
"92.2","4.429308353353203e-22"
"92.30000000000001","4.197995906649985e-22"
"92.4","3.9787633251833627e-22"
"92.5","3.7709797603059145e-22"
"92.60000000000001","3.5740473082754934e-22"
"92.7","3.387399289768409e-22"
"92.80000000000001","3.2104986192418503e-22"
"92.9","3.042836259453346e-22"
"93.0","2.8839297566900935e-22"
"93.10000000000001","2.7333218524932275e-22"
"93.2","2.5905791678822245e-22"
"93.30000000000001","2.4552909562932585e-22"
"93.4","2.327067921643048e-22"
"93.5","2.2055410981171317e-22"
"93.60000000000001","2.0903607884591345e-22"
"93.7","1.981195557705919e-22"
"93.80000000000001","1.8777312794730515e-22"
"93.9","1.7796702320462555e-22"
"94.0","1.6867302416778145e-22"
"94.10000000000001","1.5986438706227416e-22"
"94.2","1.5151576475782565e-22"
"94.30000000000001","1.4360313383121402e-22"
"94.4","1.3610372543811793e-22"
"94.5","1.2899595979505085e-22"
"94.60000000000001","1.2225938408285554e-22"
"94.7","1.158746135930737e-22"
"94.80000000000001","1.0982327594783789e-22"
"94.9","1.0408795823277629e-22"
"95.0","9.865215689080416e-23"
"95.10000000000001","9.350023023261926e-23"
"95.2","8.861735342724895e-23"
"95.30000000000001","8.398947584313304e-23"
"95.4","7.960328061698942e-23"
"95.5","7.544614633412135e-23"
"95.60000000000001","7.150611070989959e-23"
"95.7","6.777183616791243e-23"
"95.80000000000001","6.423257721573279e-23"
"95.9","6.087814952442599e-23"
"96.0","5.769890062282296e-23"
"96.10000000000001","5.468568212223089e-23"
"96.2","5.1829823391657e-23"
"96.30000000000001","4.9123106607795326e-23"
"96.4","4.655774310798165e-23"
"96.5","4.4126350978071764e-23"
"96.60000000000001","4.182193381075139e-23"
"96.7","3.9637860573154095e-23"
"96.80000000000001","3.7567846525855704e-23"
"96.9","3.560593513833897e-23"
"97.0","3.374648094888971e-23"
"97.10000000000001","3.198413331960315e-23"
"97.2","3.031382103975512e-23"
"97.30000000000001","2.873073773323373e-23"
"97.4","2.7230328028040917e-23"
"97.5","2.5808274448066317e-23"
"97.60000000000001","2.4460484989413943e-23"
"97.7","2.3183081345532333e-23"
"97.80000000000001","2.1972387747265437e-23"
"97.9","2.0824920385711333e-23"
"98.0","1.973737738745251e-23"
"98.10000000000001","1.87066293133113e-23"
"98.2","1.7729710153290227e-23"
"98.30000000000001","1.6803808791784947e-23"
"98.4","1.5926260918510734e-23"
"98.5","1.5094541361865823e-23"
"98.60000000000001","1.430625682267071e-23"
"98.7","1.3559138987374528e-23"
"98.80000000000001","1.2851038000911442e-23"
"98.9","1.217991628042512e-23"
"99.0","1.1543842652059961e-23"
"99.10000000000001","1.0940986793947612e-23"
"99.2","1.0369613969398227e-23"
"99.30000000000001","9.828080035141088e-24"
"99.4","9.314826710250649e-24"
"99.5","8.828377092144159e-24"
"99.60000000000001","8.367331406748036e-24"
"99.7","7.93036298060396e-24"
"99.80000000000001","7.516214423324268e-24"
"99.9","7.123694009411576e-24"
"100.0","6.751672249031182e-24"
"100.10000000000001","6.3990786378685506e-24"
"100.2","6.064898576719479e-24"
"100.30000000000001","5.748170451948987e-24"
"100.4","5.447982868417832e-24"
"100.5","5.1634720269143465e-24"
"100.60000000000001","4.893819238545035e-24"
"100.7","4.63824856893154e-24"
"100.80000000000001","4.396024605435067e-24"
"100.9","4.1664503409833905e-24"
"101.0","3.948865168411082e-24"
"101.10000000000001","3.742642979541623e-24"
"101.2","3.54719036354143e-24"
"101.30000000000001","3.361944899361526e-24"
"101.4","3.1863735373532816e-24"
"101.5","3.0199710654012916e-24"
"101.60000000000001","2.862258655159622e-24"
"101.7","2.7127824842081892e-24"
"101.80000000000001","2.5711124301644746e-24"
"101.9","2.4368408329928395e-24"
"102.0","2.309581321949958e-24"
"102.10000000000001","2.188967703790849e-24"
"102.2","2.074652909036299e-24"
"102.30000000000001","1.966307993269523e-24"
"102.4","1.8636211905882564e-24"
"102.5","1.7662970164885723e-24"
"102.60000000000001","1.6740554175989264e-24"
"102.7","1.586630965817774e-24"
"102.80000000000001","1.5037720945358608e-24"
"102.9","1.425240374745393e-24"
"103.0","1.3508098289530718e-24"
"103.10000000000001","1.2802662809227473e-24"
"103.2","1.2134067393765655e-24"
"103.30000000000001","1.150038813881182e-24"
"103.4","1.08998016123824e-24"
"103.5","1.033057960786083e-24"
"103.60000000000001","9.791084171028665e-25"
"103.7","9.279762886800796e-25"
"103.80000000000001","8.795144412102242e-25"
"103.9","8.335834242032159e-25"
"104.0","7.9005106971321545e-25"
"104.10000000000001","7.487921120212074e-25"
"104.2","7.096878271789543e-25"
"104.30000000000001","6.726256913771024e-25"
"104.4","6.374990571543815e-25"
"104.5","6.0420684651618145e-25"
"104.60000000000001","5.726532600794441e-25"
"104.7","5.42747501406926e-25"
"104.80000000000001","5.144035157375944e-25"
"104.9","4.875397423613471e-25"
"105.0","4.620788799255034e-25"
"105.10000000000001","4.379476639977315e-25"
"105.2","4.1507665624534e-25"
"105.30000000000001","3.9340004462429226e-25"
"105.4","3.7285545400298006e-25"
"105.5","3.5338376667582087e-25"
"105.60000000000001","3.3492895225020063e-25"
"105.7","3.1743790641725747e-25"
"105.80000000000001","3.0086029814256277e-25"
"105.9","2.8514842483698662e-25"
"106.0","2.7025707509099794e-25"
"106.10000000000001","2.561433985774114e-25"
"106.2","2.4276678274822357e-25"
"106.30000000000001","2.3008873597072884e-25"
"106.4","2.1807277676663602e-25"
"106.5","2.0668432883546697e-25"
"106.60000000000001","1.9589062156016505e-25"
"106.7","1.8566059570861368e-25"
"106.80000000000001","1.759648140597194e-25"
"106.9","1.667753766968823e-25"
"107.0","1.580658407251088e-25"
"107.10000000000001","1.4981114418074965e-25"
"107.2","1.4198753391491132e-25"
"107.30000000000001","1.3457249724302329e-25"
"107.4","1.2754469716388e-25"
"107.5","1.2088391096174914e-25"
"107.60000000000001","1.1457097201487102e-25"
"107.7","1.0858771464290177e-25"
"107.80000000000001","1.0291692183459681e-25"
"107.9","9.754227570531976e-26"
"108.0","9.244831054181603e-26"
"108.10000000000001","8.762036829913672e-26"
"108.2","8.304455642165326e-26"
"108.30000000000001","7.870770786679172e-26"
"108.4","7.459734321645377e-26"
"108.5","7.070163476709859e-26"
"108.60000000000001","6.700937249515405e-26"
"108.7","6.350993179982134e-26"
"108.80000000000001","6.019324293045202e-26"
"108.9","5.704976201052391e-26"
"109.0","5.407044357483626e-26"
"109.10000000000001","5.124671454089915e-26"
"109.2","4.857044953961907e-26"
"109.30000000000001","4.603394753429379e-26"
"109.4","4.362990966063711e-26"
"109.5","4.135141822406732e-26"
"109.60000000000001","3.919191679382353e-26"
"109.7","3.7145191336629935e-26"
"109.80000000000001","3.52053523356197e-26"
"109.9","3.336681784306489e-26"
"110.0","3.1624297418146434e-26"
"110.10000000000001","2.9972776903544236e-26"
"110.2","2.840750399704185e-26"
"110.30000000000001","2.6923974576627353e-26"
"110.4","2.5517919739740664e-26"
"110.5","2.4185293519372158e-26"
"110.60000000000001","2.2922261241665366e-26"
"110.7","2.1725188491522355e-26"
"110.80000000000001","2.0590630654460007e-26"
"110.9","1.9515323004623508e-26"
"111.0","1.8496171310435045e-26"
"111.10000000000001","1.753024293084512e-26"
"111.2","1.6614758376565724e-26"
"111.30000000000001","1.5747083312002498e-26"
"111.4","1.4924720974871206e-26"
"111.5","1.414530499168576e-26"
"111.60000000000001","1.3406592568444104e-26"
"111.7","1.2706458036917917e-26"
"111.80000000000001","1.2042886737975466e-26"
"111.9","1.1413969224336584e-26"
"112.0","1.0817895766078083e-26"
"112.10000000000001","1.0252951143078982e-26"
"112.2","9.717509709420676e-27"
"112.30000000000001","9.210030715539684e-27"
"112.4","8.729053874672316e-27"
"112.5","8.273195160833606e-27"
"112.60000000000001","7.841142826239002e-27"
"112.7","7.431653626708872e-27"
"112.80000000000001","7.04354924419428e-27"
"112.9","6.675712896129746e-27"
"113.0","6.3270861218562936e-27"
"113.10000000000001","5.996665736867613e-27"
"113.2","5.6835009461151046e-27"
"113.30000000000001","5.386690608065222e-27"
"113.4","5.105380641636373e-27"
"113.5","4.83876156855375e-27"
"113.60000000000001","4.5860661840501346e-27"
"113.7","4.346567349210056e-27"
"113.80000000000001","4.119575898604693e-27"
"113.9","3.904438657196685e-27"
"114.0","3.700536560808416e-27"
"114.10000000000001","3.50728287474538e-27"
"114.2","3.324121505448644e-27"
"114.30000000000001","3.1505254003181435e-27"
"114.4","2.9859950311022543e-27"
"114.5","2.8300569564895406e-27"
"114.60000000000001","2.6822624597664863e-27"
"114.7","2.5421862576210494e-27"
"114.80000000000001","2.4094252763765524e-27"
"114.9","2.2835974921345025e-27"
"115.0","2.164340831488813e-27"
"115.10000000000001","2.0513121296481873e-27"
"115.2","1.9441861429686433e-27"
"115.30000000000001","1.8426546130546982e-27"
"115.4","1.746425379736143e-27"
"115.5","1.6552215403679633e-27"
"115.60000000000001","1.568780653034272e-27"
"115.7","1.4868539813634433e-27"
"115.80000000000001","1.4092057787813791e-27"
"115.9","1.3356126101433318e-27"
"116.0","1.2658627087922467e-27"
"116.10000000000001","1.1997553671935466e-27"
"116.2","1.1371003593928906e-27"
"116.30000000000001","1.077717393635008e-27"
"116.4","1.0214355935685027e-27"
"116.5","9.680930065437782e-28"
"116.60000000000001","9.175361375891958e-28"
"116.7","8.69619507724467e-28"
"116.80000000000001","8.242052353403125e-28"
"116.9","7.811626394397951e-28"
"117.0","7.403678635996418e-28"
"117.10000000000001","7.017035195694916e-28"
"117.2","6.650583494835119e-28"
"117.30000000000001","6.30326905712393e-28"
"117.4","5.974092474344766e-28"
"117.5","5.662106530528999e-28"
"117.60000000000001","5.366413476312215e-28"
"117.7","5.086162445632187e-28"
"117.80000000000001","4.820547007335023e-28"
"117.9","4.568802844644163e-28"
"118.0","4.330205555814815e-28"
"118.10000000000001","4.104068569645156e-28"
"118.2","3.889741169846109e-28"
"118.30000000000001","3.686606622584755e-28"
"118.4","3.4940804018133368e-28"
"118.5","3.3116085072771766e-28"
"118.60000000000001","3.1386658703615143e-28"
"118.7","2.974754843190065e-28"
"118.80000000000001","2.8194037666276003e-28"
"118.9","2.6721656130659557e-28"
"119.0","2.5326167000880293e-28"
"119.10000000000001","2.4003554713083057e-28"
"119.2","2.2750013408817255e-28"
"119.30000000000001","2.1561935983559505e-28"
"119.4","2.0435903707156922e-28"
"119.5","1.9368676386323596e-28"
"119.60000000000001","1.8357183040882525e-28"
"119.7","1.7398513066923558e-28"
"119.80000000000001","1.6489907861449156e-28"
"119.9","1.5628752884407472e-28"
"120.0","1.4812570135271161e-28"
"120.10000000000001","1.403901102251292e-28"
"120.2","1.3305849605459519e-28"
"120.30000000000001","1.2610976189077521e-28"
"120.4","1.1952391253259457e-28"
"120.5","1.1328199699141863e-28"
"120.60000000000001","1.073660539589869e-28"
"120.7","1.0175906012318375e-28"
"120.80000000000001","9.644488118292236e-29"
"120.9","9.140822542118612e-29"
"121.0","8.663459970263195e-29"
"121.10000000000001","8.21102677691375e-29"
"121.2","7.782221071328662e-29"
"121.30000000000001","7.375808951605368e-29"
"121.4","6.990620954088845e-29"
"121.5","6.625548688203155e-29"
"121.60000000000001","6.279541647022712e-29"
"121.7","5.951604184405568e-29"
"121.80000000000001","5.640792649990327e-29"
"121.9","5.346212673812557e-29"
"122.0","5.067016592727092e-29"
"122.10000000000001","4.8024010112306734e-29"
"122.2","4.551604489666127e-29"
"122.30000000000001","4.3139053531558035e-29"
"122.4","4.088619614959423e-29"
"122.5","3.875099008280718e-29"
"122.60000000000001","3.672729120859348e-29"
"122.7","3.480927626980291e-29"
"122.80000000000001","3.299142611813291e-29"
"122.9","3.1268509832605744e-29"
"123.0","2.963556966742893e-29"
"123.10000000000001","2.808790678592577e-29"
"123.2","2.6621067739485086e-29"
"123.30000000000001","2.5230831652622755e-29"
"123.4","2.3913198077279812e-29"
"123.5","2.2664375481407324e-29"
"123.60000000000001","2.1480770338713688e-29"
"123.7","2.0358976788179743e-29"
"123.80000000000001","1.929576683358656e-29"
"123.9","1.828808105485483e-29"
"124.0","1.733301980446735e-29"
"124.10000000000001","1.6427834863642135e-29"
"124.2","1.5569921534246424e-29"
"124.30000000000001","1.4756811143695918e-29"
"124.4","1.398616394127176e-29"
"124.5","1.325576236541428e-29"
"124.60000000000001","1.2563504662619864e-29"
"124.7","1.1907398839579158e-29"
"124.80000000000001","1.1285556931153672e-29"
"124.9","1.0696189567696726e-29"
"125.0","1.0137600826086021e-29"
"125.10000000000001","9.60818334965152e-30"
"125.2","9.106413722956086e-30"
"125.30000000000001","8.630848088119656e-30"
"125.4","8.180117990072779e-30"
"125.5","7.75292643878413e-30"
"125.60000000000001","7.348044177130893e-30"
"125.7","6.964306143672753e-30"
"125.80000000000001","6.600608120150945e-30"
"125.9","6.255903554065505e-30"
"126.0","5.929200547187525e-30"
"126.10000000000001","5.6195590013408225e-30"
"126.2","5.326087913239863e-30"
"126.30000000000001","5.047942810599793e-30"
"126.4","4.784323322140882e-30"
"126.5","4.534470874494996e-30"
"126.60000000000001","4.297666509386873e-30"
"126.7","4.07322881480908e-30"
"126.80000000000001","3.860511964237534e-30"
"126.9","3.658903858245367e-30"
"127.0","3.467824363167575e-30"
"127.10000000000001","3.286723641748158e-30"
"127.2","3.1150805709661204e-30"
"127.30000000000001","2.952401242487594e-30"
"127.4","2.7982175414290722e-30"
"127.5","2.6520857993421144e-30"
"127.60000000000001","2.5135855175434307e-30"
"127.7","2.3823181571167004e-30"
"127.80000000000001","2.2579059921043042e-30"
"127.9","2.1399910225890057e-30"
"128.0","2.0282339445379283e-30"
"128.1","1.9223131734445338e-30"
"128.20000000000002","1.821923918959089e-30"
"128.3","1.726777307844852e-30"
"128.4","1.6365995527362463e-30"
"128.5","1.5511311643071094e-30"
"128.6","1.4701262045819955e-30"
"128.70000000000002","1.3933515792419162e-30"
"128.8","1.3205863668881084e-30"
"128.9","1.2516211833337627e-30"
"129.0","1.1862575790944393e-30"
"129.1","1.1243074683434372e-30"
"129.20000000000002","1.0655925876889133e-30"
"129.3","1.0099439832153651e-30"
"129.4","9.57201524313428e-31"
"129.5","9.072134428990087e-31"
"129.6","8.59835896695852e-31"
"129.70000000000002","8.149325553248676e-31"
"129.8","7.7237420800917595e-31"
"129.9","7.3203839176603535e-31"
"130.0","6.93809039015758e-31"
"130.1","6.575761435935989e-31"
"130.20000000000002","6.232354442035576e-31"
"130.3","5.906881244032205e-31"
"130.4","5.598405282563402e-31"
"130.5","5.306038908349335e-31"
"130.6","5.028940827954099e-31"
"130.70000000000002","4.766313682937402e-31"
"130.8","4.517401755430566e-31"
"130.9","4.281488793534611e-31"
"131.0","4.057895950282877e-31"
"131.1","3.8459798302375412e-31"
"131.20000000000002","3.6451306380990032e-31"
"131.3","3.454770424000741e-31"
"131.4","3.2743514204403907e-31"
"131.5","3.103354466061535e-31"
"131.6","2.941287511750575e-31"
"131.70000000000002","2.787684204749928e-31"
"131.8","2.642102546713306e-31"
"131.9","2.5041236218415745e-31"
"132.0","2.373350391439364e-31"
"132.1","2.2494065514237396e-31"
"132.20000000000002","2.131935449497371e-31"
"132.3","2.0205990588703274e-31"
"132.4","1.9150770055773621e-31"
"132.5","1.8150656465917517e-31"
"132.6","1.7202771960829381e-31"
"132.70000000000002","1.6304388973037512e-31"
"132.8","1.5452922377242906e-31"
"132.9","1.464592205153993e-31"
"133.0","1.388106582711347e-31"
"133.1","1.315615280612516e-31"
"133.20000000000002","1.246909702856062e-31"
"133.3","1.1817921469813925e-31"
"133.4","1.120075235173714e-31"
"133.5","1.0615813750784755e-31"
"133.6","1.0061422487737855e-31"
"133.70000000000002","9.535983284302964e-32"
"133.8","9.037984172648611e-32"
"133.9","8.565992144670335e-32"
"134.0","8.118649028464799e-32"
"134.1","7.694667580147436e-32"
"134.20000000000002","7.292827779767683e-32"
"134.3","6.911973320663211e-32"
"134.4","6.551008282151143e-32"
"134.5","6.20889397598182e-32"
"134.6","5.884645957480703e-32"
"134.70000000000002","5.577331192777865e-32"
"134.8","5.286065373973685e-32"
"134.9","5.010010374515058e-32"
"135.0","4.7483718374598875e-32"
"135.1","4.500396889689998e-32"
"135.20000000000002","4.2653719754950646e-32"
"135.3","4.0426208032936153e-32"
"135.4","3.8315023995827403e-32"
"135.5","3.6314092645166804e-32"
"135.6","3.4417656238069137e-32"
"135.70000000000002","3.262025771913537e-32"
"135.8","3.091672501760412e-32"
"135.9","2.930215616455541e-32"
"136.0","2.7771905187340915e-32"
"136.1","2.6321568740651593e-32"
"136.20000000000002","2.494697343575309e-32"
"136.3","2.3644163831428385e-32"
"136.4","2.240939105207132e-32"
"136.5","2.1239102000179148e-32"
"136.6","2.012992913220274e-32"
"136.70000000000002","1.907868076833412e-32"
"136.8","1.808233190834743e-32"
"136.9","1.7138015527065688e-32"
"137.0","1.6243014324405645e-32"
"137.1","1.5394752906261372e-32"
"137.20000000000002","1.459079037372671e-32"
"137.3","1.3828813299331924e-32"
"137.4","1.3106629070083393e-32"
"137.5","1.2422159578150791e-32"
"137.6","1.1773435241046432e-32"
"137.70000000000002","1.1158589334089734e-32"
"137.8","1.057585261884825e-32"
"137.9","1.0023548252098432e-32"
"138.0","9.500086960656537e-33"
"138.1","9.003962468195049e-33"
"138.20000000000002","8.533747160885182e-33"
"138.3","8.088087979393201e-33"
"138.4","7.665702525409632e-33"
"138.5","7.26537537150779e-33"
"138.6","6.885954563713164e-33"
"138.70000000000002","6.526348306719599e-33"
"138.8","6.18552182221399e-33"
"138.9","5.8624943712691295e-33"
"139.0","5.556336432236619e-33"
"139.1","5.266167026019081e-33"
"139.20000000000002","4.991151181025113e-33"
"139.3","4.7304975305122635e-33"
"139.4","4.483456035404357e-33"
"139.5","4.2493158260304555e-33"
"139.6","4.027403156575034e-33"
"139.70000000000002","3.817079466353202e-33"
"139.8","3.617739542332256e-33"
"139.9","3.4288097776121436e-33"
"140.0","3.24974652085357e-33"
"140.1","3.080034511904176e-33"
"140.20000000000002","2.9191853991212413e-33"
"140.3","2.76673633412448e-33"
"140.4","2.622248639935267e-33"
"140.5","2.485306548669841e-33"
"140.6","2.3555160051541395e-33"
"140.70000000000002","2.2325035330176476e-33"
"140.8","2.115915160003395e-33"
"140.9","2.0054153994016557e-33"
"141.0","1.9006862846763896e-33"
"141.1","1.8014264545065383e-33"
"141.20000000000002","1.707350285609344e-33"
"141.3","1.6181870708503734e-33"
"141.4","1.5336802402752245e-33"
"141.5","1.4535866228214137e-33"
"141.6","1.3776757465859984e-33"
"141.70000000000002","1.305729175635426e-33"
"141.8","1.2375398814492687e-33"
"141.9","1.1729116471891438e-33"
"142.0","1.1116585030785906e-33"
"142.1","1.053604191269191e-33"
"142.20000000000002","9.985816586530686e-34"
"142.3","9.464325761623154e-34"
"142.4","8.970068831721222e-34"
"142.5","8.501623556966098e-34"
"142.6","8.057641971348386e-34"
"142.70000000000002","7.636846503893493e-34"
"142.8","7.238026302410979e-34"
"142.9","6.8600337492292985e-34"
"143.0","6.501781158889866e-34"
"143.1","6.16223764829794e-34"
"143.20000000000002","5.8404261703240995e-34"
"143.3","5.535420702320405e-34"
"143.4","5.24634358146111e-34"
"143.5","4.972362979240275e-34"
"143.6","4.712690507859087e-34"
"143.70000000000002","4.466578951615176e-34"
"143.8","4.233320116765931e-34"
"143.9","4.012242793678736e-34"
"144.0","3.802710825404146e-34"
"144.1","3.6041212771142577e-34"
"144.20000000000002","3.4159027011387815e-34"
"144.3","3.2375134926064013e-34"
"144.4","3.068440330959724e-34"
"144.5","2.9081967028592344e-34"
"144.6","2.75632150222586e-34"
"144.70000000000002","2.6123777033937294e-34"
"144.8","2.4759511035550733e-34"
"144.9","2.346649130878622e-34"
"145.0","2.2240997148718137e-34"
"145.1","2.1079502157362543e-34"
"145.20000000000002","1.9978664096356035e-34"
"145.3","1.89353152695598e-34"
"145.4","1.7946453407914335e-34"
"145.5","1.7009233030315818e-34"
"145.6","1.6120957255654758e-34"
"145.70000000000002","1.5279070042455779e-34"
"145.8","1.4481148833787912e-34"
"145.9","1.3724897586280824e-34"
"146.0","1.3008140163187835e-34"
"146.1","1.232881407248398e-34"
"146.20000000000002","1.1684964531980354e-34"
"146.3","1.10747388443769e-34"
"146.4","1.0496381066067646e-34"
"146.5","9.948226954357777e-35"
"146.6","9.428699178552937e-35"
"146.70000000000002","8.936302781140553e-35"
"146.8","8.469620876002587e-35"
"146.9","8.027310571281162e-35"
"147.0","7.608099105165027e-35"
"147.1","7.210780183477403e-35"
"147.20000000000002","6.834210508526568e-35"
"147.3","6.477306489230793e-35"
"147.4","6.139041123050919e-35"
"147.5","5.818441040758265e-35"
"147.6","5.514583705534062e-35"
"147.70000000000002","5.22659475834074e-35"
"147.8","4.953645501926304e-35"
"147.9","4.694950516221933e-35"
"148.0","4.449765398271029e-35"
"148.1","4.217384620186305e-35"
"148.20000000000002","3.997139498971096e-35"
"148.3","3.7883962723630157e-35"
"148.4","3.5905542751631073e-35"
"148.5","3.403044210802852e-35"
"148.6","3.2253265131753874e-35"
"148.70000000000002","3.056889794017068e-35"
"148.8","2.897249371371651e-35"
"148.9","2.745945874902731e-35"
"149.0","2.602543924041147e-35"
"149.1","2.466630875163707e-35"
"149.20000000000002","2.3378156341981798e-35"
"149.3","2.2157275312378095e-35"
"149.4","2.1000152539269992e-35"
"149.5","1.9903458365489592e-35"
"149.6","1.8864037019063885e-35"
"149.70000000000002","1.7878897532381646e-35"
"149.8","1.694520513559007e-35"
"149.9","1.6060273099455377e-35"
"150.0","1.5221555004214957e-35"
"150.1","1.4426637412174423e-35"
"150.20000000000002","1.3673232922964742e-35"
"150.3","1.2959173591475759e-35"
"150.4","1.2282404689525948e-35"
"150.5","1.1640978793317462e-35"
"150.6","1.1033050179662913e-35"
"150.70000000000002","1.045686951485886e-35"
"150.8","9.91077882092306e-36"
"150.9","9.393206704710692e-36"
"151.0","8.902663836181161e-36"
"151.1","8.437738662804076e-36"
"151.20000000000002","7.997093347772448e-36"
"151.3","7.579459920335215e-36"
"151.4","7.183636627171524e-36"
"151.5","6.808484474307763e-36"
"151.6","6.452923949626585e-36"
"151.70000000000002","6.115931916536834e-36"
"151.8","5.796538669865841e-36"
"151.9","5.493825145502288e-36"
"152.0","5.2069202757603256e-36"
"152.1","4.934998482854915e-36"
"152.20000000000002","4.6772773032757954e-36"
"152.3","4.433015136224119e-36"
"152.4","4.2015091096328326e-36"
"152.5","3.982093057630204e-36"
"152.6","3.774135603626575e-36"
"152.70000000000002","3.577038343508372e-36"
"152.8","3.390234123711448e-36"
"152.9","3.213185409218868e-36"
"153.0","3.045382736786993e-36"
"153.1","2.8863432489489773e-36"
"153.20000000000002","2.73560930457722e-36"
"153.3","2.592747162006632e-36"
"153.4","2.457345730929352e-36"
"153.5","2.329015389469459e-36"
"153.60000000000002","2.2073868630337728e-36"
"153.70000000000002","2.0921101617125983e-36"
"153.8","1.9828535731727546e-36"
"153.9","1.8793027081449047e-36"
"154.0","1.781159595758546e-36"
"154.10000000000002","1.6881418261214615e-36"
"154.20000000000002","1.599981737676372e-36"
"154.3","1.5164256469963894e-36"
"154.4","1.437233118802976e-36"
"154.5","1.3621762741058732e-36"
"154.60000000000002","1.2910391344741371e-36"
"154.70000000000002","1.223617000551414e-36"
"154.8","1.1597158630271037e-36"
"154.9","1.0991518443684684e-36"
"155.0","1.0417506697072494e-36"
"155.10000000000002","9.873471653582529e-37"
"155.20000000000002","9.357847835268763e-37"
"155.3","8.869151518379079e-37"
"155.4","8.405976463893498e-37"
"155.5","7.966989871027176e-37"
"155.60000000000002","7.550928542054242e-37"
"155.70000000000002","7.156595247416619e-37"
"155.8","6.782855280658304e-37"
"155.9","6.428633193271876e-37"
"156.0","6.0929097000615916e-37"
"156.10000000000002","5.774718746118173e-37"
"156.20000000000002","5.473144726965433e-37"
"156.3","5.187319853879603e-37"
"156.4","4.916421656799988e-37"
"156.5","4.659670617645499e-37"
"156.60000000000002","4.416327927226871e-37"
"156.70000000000002","4.185693359299978e-37"
"156.8","3.9671032556428e-37"
"156.9","3.759928616358015e-37"
"157.0","3.56357328990602e-37"
"157.10000000000002","3.3774722576601257e-37"
"157.20000000000002","3.2010900080476876e-37"
"157.3","3.033918995598719e-37"
"157.4","2.875478180467837e-37"
"157.5","2.7253116442269833e-37"
"157.60000000000002","2.5829872779458076e-37"
"157.70000000000002","2.4480955387846343e-37"
"157.8","2.320248271522059e-37"
"157.9","2.1990775916260958e-37"
"158.0","2.0842348266548653e-37"
"158.10000000000002","1.9753895129406795e-37"
"158.20000000000002","1.8722284446704462e-37"
"158.3","1.774454772626091e-37"
"158.4","1.681787149991598e-37"
"158.5","1.5939589227686998e-37"
"158.60000000000002","1.5107173624716105e-37"
"158.70000000000002","1.4318229388928615e-37"
"158.8","1.3570486308475964e-37"
"158.9","1.2861792729129723e-37"
"159.0","1.21901093628289e-37"
"159.10000000000002","1.1553503419564398e-37"
"159.20000000000002","1.0950143045715005e-37"
"159.3","1.0378292052830976e-37"
"159.4","9.836304921697174e-38"
"159.5","9.322622067299787e-38"
"159.60000000000002","8.835765351071397e-38"
"159.70000000000002","8.374333827500779e-38"
"159.8","7.936999712868129e-38"
"159.9","7.522504564505661e-38"
"160.0","7.12965565958925e-38"
"160.10000000000002","6.757322563041001e-38"
"160.20000000000002","6.404433874666763e-38"
"160.3","6.06997414616838e-38"
"160.4","5.752980959159276e-38"
"160.5","5.452542155775284e-38"
"160.60000000000002","5.16779321391171e-38"
"160.70000000000002","4.897914759533785e-38"
"160.8","4.642130208902113e-38"
"160.9","4.399703533928546e-38"
"161.0","4.169937144232207e-38"
"161.10000000000002","3.9521698798012357e-38"
"161.20000000000002","3.7457751084840617e-38"
"161.3","3.5501589228356834e-38"
"161.4","3.364758431130315e-38"
"161.5","3.1890401376227494e-38"
"161.60000000000002","3.0224984073975703e-38"
"161.70000000000002","2.864654011388784e-38"
"161.8","2.7150527473831117e-38"
"161.9","2.573264133038835e-38"
"162.0","2.438880167159325e-38"
"162.10000000000002","2.3115141556567644e-38"
"162.20000000000002","2.190799598827749e-38"
"162.3","2.07638913673887e-38"
"162.4","1.9679535496875775e-38"
"162.5","1.8651808108621358e-38"
"162.60000000000002","1.7677751884746609e-38"
"162.70000000000002","1.6754563947835984e-38"
"162.8","1.587958779556935e-38"
"162.9","1.5050305656553008e-38"
"163.0","1.4264331245353342e-38"
"163.10000000000002","1.3519402895885434e-38"
"163.20000000000002","1.2813377053397777e-38"
"163.3","1.2144222106326079e-38"
"163.4","1.151001254026709e-38"
"163.5","1.0908923397250369e-38"
"163.60000000000002","1.0339225024364309e-38"
"163.70000000000002","9.799278096625515e-39"
"163.8","9.287528899769601e-39"
"163.9","8.802504859389536e-39"
"164.0","8.342810303556479e-39"
"164.10000000000002","7.907122446729914e-39"
"164.20000000000002","7.494187583400662e-39"
"164.3","7.102817480513846e-39"
"164.4","6.731885958290916e-39"
"164.5","6.380325649611922e-39"
"164.60000000000002","6.04712492863305e-39"
"164.70000000000002","5.731324999801457e-39"
"164.8","5.432017138890904e-39"
"164.9","5.1483400781192294e-39"
"165.0","4.879477527823213e-39"
"165.10000000000002","4.624655827559404e-39"
"165.20000000000002","4.383141719871866e-39"
"165.3","4.1542402403207866e-39"
"165.4","3.937292717700445e-39"
"165.5","3.731674878692111e-39"
"165.60000000000002","3.536795051497933e-39"
"165.70000000000002","3.3520924632867346e-39"
"165.8","3.1770356265525597e-39"
"165.9","3.011120809742659e-39"
"166.0","2.8538705877541048e-39"
"166.10000000000002","2.7048324681280477e-39"
"166.20000000000002","2.5635775889884314e-39"
"166.3","2.429699484978462e-39"
"166.4","2.3028129176437587e-39"
"166.5","2.1825527668965897e-39"
"166.60000000000002","2.0685729803713345e-39"
"166.70000000000002","1.9605455776479228e-39"
"166.8","1.858159706477858e-39"
"166.9","1.7611207482971e-39"
"167.0","1.6691494704518795e-39"
"167.10000000000002","1.5819812226979584e-39"
"167.20000000000002","1.4993651756612283e-39"
"167.3","1.4210635990682969e-39"
"167.4","1.3468511776701528e-39"
"167.5","1.2765143628904508e-39"
"167.60000000000002","1.2098507583327658e-39"
"167.70000000000002","1.1466685373786e-39"
"167.8","1.0867858912002538e-39"
"167.9","1.0300305056002077e-39"
"168.0","9.762390651715994e-40"
"168.10000000000002","9.252567833530058e-40"
"168.20000000000002","8.769369570252438e-40"
"168.3","8.311405443685322e-40"
"168.4","7.877357647652825e-40"
"168.5","7.465977195972276e-40"
"168.60000000000002","7.0760803284572e-40"
"168.70000000000002","6.7065451046101616e-40"
"168.8","6.356308175203689e-40"
"168.9","6.024361722459451e-40"
"169.0","5.709750560020885e-40"
"169.10000000000002","5.411569384374436e-40"
"169.20000000000002","5.128960169810219e-40"
"169.3","4.861109699426058e-40"
"169.4","4.6072472250702755e-40"
"169.5","4.36664224948965e-40"
"169.60000000000002","4.138602424300594e-40"
"169.70000000000002","3.922471557734913e-40"
"169.8","3.717627726427355e-40"
"169.9","3.523481485811567e-40"
"170.0","3.3394741739748226e-40"
"170.10000000000002","3.165076304090797e-40"
"170.20000000000002","2.9997860408045743e-40"
"170.3","2.8431277561856325e-40"
"170.4","2.694650661093517e-40"
"170.5","2.5539275080179113e-40"
"170.60000000000002","2.4205533616604912e-40"
"170.70000000000002","2.2941444337208705e-40"
"170.8","2.1743369785336962e-40"
"170.9","2.0607862463790584e-40"
"171.0","1.9531654914543296e-40"
"171.10000000000002","1.8511650316528433e-40"
"171.20000000000002","1.7544913574438913e-40"
"171.3","1.6628662872898215e-40"
"171.4","1.5760261671699135e-40"
"171.5","1.4937211119076445e-40"
"171.60000000000002","1.4157142861182334e-40"
"171.70000000000002","1.3417812227073751e-40"
"171.8","1.2717091769601173e-40"
"171.9","1.2052965143612528e-40"
"172.0","1.142352130385661e-40"
"172.10000000000002","1.0826949005890278e-40"
"172.20000000000002","1.0261531594165605e-40"
"172.3","9.72564206229956e-41"
"172.4","9.217738371311975e-41"
"172.5","8.736359012359885e-41"
"172.60000000000002","8.280118801199875e-41"
"172.70000000000002","7.847704892276851e-41"
"172.8","7.437873000969688e-41"
"172.9","7.049443823123081e-41"
"173.0","6.681299641562767e-41"
"173.10000000000002","6.332381109829203e-41"
"173.20000000000002","6.001684203874816e-41"
"173.3","5.688257332953231e-41"
"173.4","5.391198601386974e-41"
"173.5","5.109653213334299e-41"
"173.60000000000002","4.842811013087271e-41"
"173.70000000000002","4.5899041538232384e-41"
"173.8","4.350204888101458e-41"
"173.9","4.123023473746945e-41"
"174.0","3.907706189095674e-41"
"174.10000000000002","3.7036334518899375e-41"
"174.20000000000002","3.510218036410909e-41"
"174.3","3.3269033837181747e-41"
"174.4","3.1531620001338794e-41"
"174.5","2.9884939393630793e-41"
"174.60000000000002","2.8324253638825583e-41"
"174.70000000000002","2.68450718145845e-41"
"174.8","2.544313752869218e-41"
"174.9","2.411441667115406e-41"
"175.0","2.2855085805918023e-41"
"175.10000000000002","2.1661521168816929e-41"
"175.20000000000002","2.0530288240073255e-41"
"175.3","1.9458131861360432e-41"
"175.4","1.8441966868982404e-41"
"175.5","1.7478869216218055e-41"
"175.60000000000002","1.6566067559284839e-41"
"175.70000000000002","1.5700935282709876e-41"
"175.8","1.488098294116133e-41"
"175.9","1.4103851095991194e-41"
"176.0","1.3367303525876375e-41"
"176.10000000000002","1.266922079202151e-41"
"176.20000000000002","1.2007594139407182e-41"
"176.3","1.1380519716534188e-41"
"176.4","1.0786193097030981e-41"
"176.5","1.0222904087360032e-41"
"176.60000000000002","9.689031805682152e-42"
"176.70000000000002","9.183040017718027e-42"
"176.8","8.703472716185763e-42"
"176.9","8.248949931094155e-42"
"177.0","7.818163758835633e-42"
"177.10000000000002","7.409874598652507e-42"
"177.20000000000002","7.022907585646797e-42"
"177.3","6.656149210069551e-42"
"177.4","6.308544113161525e-42"
"177.5","5.979092050325156e-42"
"177.60000000000002","5.666845012889292e-42"
"177.70000000000002","5.3709045001844155e-42"
"177.8","5.090418934078716e-42"
"177.9","4.8245812085352405e-42"
"178.0","4.5726263671388874e-42"
"178.10000000000002","4.333829401910263e-42"
"178.20000000000002","4.107503167072427e-42"
"178.3","3.892996401767309e-42"
"178.4","3.689691856032106e-42"
"178.5","3.497004514643106e-42"
"178.60000000000002","3.3143799137159846e-42"
"178.70000000000002","3.141292545218543e-42"
"178.8","2.977244344804817e-42"
"178.9","2.82176325861926e-42"
"179.0","2.674401884946928e-42"
"179.10000000000002","2.5347361868009766e-42"
"179.20000000000002","2.402364271742896e-42"
"179.3","2.2769052354243812e-42"
"179.4","2.15799806552309e-42"
"179.5","2.0453006029183342e-42"
"179.60000000000002","1.9384885571174493e-42"
"179.70000000000002","1.8372545730997035e-42"
"179.8","1.741307346892561e-42"
"179.9","1.6503707873353388e-42"
"180.0","1.564183221618211e-42"
"180.10000000000002","1.4824966423104696e-42"
"180.20000000000002","1.4050759937113419e-42"
"180.3","1.3316984954698219e-42"
"180.4","1.262153001527203e-42"
"180.5","1.1962393925376537e-42"
"180.60000000000002","1.133768000018509e-42"
"180.70000000000002","1.0745590605732444e-42"
"180.8","1.018442198616651e-42"
"180.9","9.652559361137309e-43"
"181.0","9.148472279215723e-43"
"181.10000000000002","8.670710213971404e-43"
"181.20000000000002","8.21789839003733e-43"
"181.3","7.788733827150465e-43"
"181.4","7.381981590785084e-43"
"181.5","6.9964712385898226e-43"
"181.60000000000002","6.631093452403023e-43"
"181.70000000000002","6.28479684615482e-43"
"181.8","5.956584940470681e-43"
"181.9","5.645513295270652e-43"
"182.0","5.35068679211334e-43"
"182.10000000000002","5.071257058464442e-43"
"182.20000000000002","4.806420026478101e-43"
"182.3","4.5554136192663945e-43"
"182.4","4.317515557999121e-43"
"182.5","4.092041283523757e-43"
"182.60000000000002","3.878341986524967e-43"
"182.70000000000002","3.675802740555389e-43"
"182.8","3.483840732565458e-43"
"182.9","3.3019035858405133e-43"
"183.0","3.129467770519441e-43"
"183.10000000000002","2.9660370971210315e-43"
"183.20000000000002","2.8111412887431445e-43"
"183.3","2.664334627826133e-43"
"183.4","2.52519467358655e-43"
"183.5","2.3933210464305094e-43"
"183.60000000000002","2.268334275848814e-43"
"183.70000000000002","2.1498747084786308e-43"
"183.8","2.037601473189631e-43"
"183.9","1.9311915002165913e-43"
"184.0","1.830338591515987e-43"
"184.10000000000002","1.7347525396714897e-43"
"184.20000000000002","1.6441582928130042e-43"
"184.3","1.5582951631462599e-43"
"184.4","1.4769160768154855e-43"
"184.5","1.3997868629406202e-43"
"184.60000000000002","1.3266855797832417e-43"
"184.70000000000002","1.2574018761022336e-43"
"184.8","1.1917363858614757e-43"
"184.9","1.1295001545478043e-43"
"185.0","1.0705140954484592e-43"
"185.10000000000002","1.0146084743234362e-43"
"185.20000000000002","9.616224209898725e-44"
"185.3","9.114034664130378e-44"
"185.4","8.638071039718922e-44"
"185.5","8.186963736367387e-44"
"185.60000000000002","7.759414678624322e-44"
"185.70000000000002","7.354193580630849e-44"
"185.8","6.970134405934424e-44"
"185.9","6.606132012182272e-44"
"186.0","6.261138971039518e-44"
"186.10000000000002","5.934162554181208e-44"
"186.20000000000002","5.624261876685339e-44"
"186.3","5.330545189606912e-44"
"186.4","5.052167313942288e-44"
"186.5","4.788327208600039e-44"
"186.60000000000002","4.538265665380012e-44"
"186.70000000000002","4.3012631243278546e-44"
"186.8","4.0766376031786247e-44"
"186.9","3.863742734931373e-44"
"187.0","3.6619659079077685e-44"
"187.10000000000002","3.470726502942736e-44"
"187.20000000000002","3.289474222634545e-44"
"187.3","3.1176875078467334e-44"
"187.4","2.9548720369052875e-44"
"187.5","2.800559303172483e-44"
"187.60000000000002","2.654305266904301e-44"
"187.70000000000002","2.515689077512099e-44"
"187.8","2.384311862551811e-44"
"187.9","2.2597955799559434e-44"
"188.0","2.1417819302056385e-44"
"188.10000000000002","2.029931325312541e-44"
"188.20000000000002","1.9239219116436833e-44"
"188.3","1.8234486437775335e-44"
"188.4","1.7282224067262046e-44"
"188.5","1.6379691839979826e-44"
"188.60000000000002","1.5524292691062563e-44"
"188.70000000000002","1.4713565182559343e-44"
"188.8","1.3945176420569336e-44"
"188.9","1.321691534226624e-44"
"189.0","1.2526686353495474e-44"
"189.10000000000002","1.187250329863608e-44"
"189.20000000000002","1.1252483745375473e-44"
"189.3","1.0664843567951273e-44"
"189.4","1.0107891813273298e-44"
"189.5","9.580025835152893e-45"
"189.60000000000002","9.079726682638112e-45"
"189.70000000000002","8.605554729184588e-45"
"189.8","8.156145530084876e-45"
"189.9","7.730205896235909e-45"
"190.0","7.326510172946676e-45"
"190.10000000000002","6.943896713078315e-45"
"190.20000000000002","6.581264534367933e-45"
"190.3","6.237570151317523e-45"
"190.4","5.911824572531635e-45"
"190.5","5.6030904548635225e-45"
"190.60000000000002","5.3104794061807784e-45"
"190.70000000000002","5.0331494289890166e-45"
"190.8","4.7703024975576184e-45"
"190.9","4.5211822615755905e-45"
"191.0","4.28507186972976e-45"
"191.10000000000002","4.0612919069425815e-45"
"191.20000000000002","3.8491984393338814e-45"
"191.3","3.648181161280871e-45"
"191.4","3.4576616392445217e-45"
"191.5","3.277091647308869e-45"
"191.60000000000002","3.105951589643698e-45"
"191.70000000000002","2.943749005351202e-45"
"191.8","2.7900171513942623e-45"
"191.9","2.6443136595286815e-45"
"192.0","2.5062192633746504e-45"
"192.10000000000002","2.375336591964554e-45"
"192.20000000000002","2.2512890262955154e-45"
"192.3","2.1337196155963745e-45"
"192.4","2.0222900501906155e-45"
"192.5","1.916679687999636e-45"
"192.60000000000002","1.8165846318850814e-45"
"192.70000000000002","1.721716855175273e-45"
"192.8","1.6318033728594027e-45"
"192.9","1.5465854560645792e-45"
"193.0","1.4658178875553605e-45"
"193.10000000000002","1.3892682561134482e-45"
"193.20000000000002","1.3167162877670964e-45"
"193.3","1.2479532119458327e-45"
"193.4","1.1827811607365744e-45"
"193.5","1.1210125995124896e-45"
"193.60000000000002","1.0624697872962073e-45"
"193.70000000000002","1.0069842653045676e-45"
"193.8","9.543963722031757e-46"
"193.9","9.045547846758902e-46"
"194.0","8.57316081987223e-46"
"194.10000000000002","8.12544333284663e-46"
"194.20000000000002","7.70110706453372e-46"
"194.3","7.298930973977246e-46"
"194.4","6.917757786829321e-46"
"194.5","6.556490665257097e-46"
"194.60000000000002","6.214090051757411e-46"
"194.70000000000002","5.889570677797377e-46"
"194.8","5.5819987286732026e-46"
"194.9","5.290489156429005e-46"
"195.0","5.014203133103491e-46"
"195.10000000000002","4.752345636976124e-46"
"195.20000000000002","4.504163164867109e-46"
"195.3","4.268941563908312e-46"
"195.4","4.046003976545912e-46"
"195.5","3.834708892861511e-46"
"195.60000000000002","3.634448304607169e-46"
"195.70000000000002","3.4446459556425516e-46"
"195.8","3.2647556837397584e-46"
"195.9","3.0942598489843453e-46"
"196.0","2.932667844250188e-46"
"196.10000000000002","2.7795146834620465e-46"
"196.20000000000002","2.6343596635835165e-46"
"196.3","2.496785096480178e-46"
"196.4","2.3663951070088575e-46"
"196.5","2.2428144938744507e-46"
"196.60000000000002","2.1256876499763987e-46"
"196.70000000000002","2.014677539138075e-46"
"196.8","1.9094647262745847e-46"
"196.9","1.8097464582082657e-46"
"197.0","1.7152357924868962e-46"
"197.10000000000002","1.6256607716977674e-46"
"197.20000000000002","1.5407636409016752e-46"
"197.3","1.4603001059349771e-46"
"197.4","1.3840386304454537e-46"
"197.5","1.311759769639174e-46"
"197.60000000000002","1.2432555388212006e-46"
"197.70000000000002","1.1783288149130883e-46"
"197.8","1.1167927692250282e-46"
"197.9","1.0584703298504168e-46"
"198.0","1.003193672135876e-46"
"198.10000000000002","9.508037357605366e-47"
"198.20000000000002","9.011497670349614e-47"
"198.3","8.540888851026647e-47"
"198.4","8.094856707959533e-47"
"198.5","7.672117769630135e-47"
"198.60000000000002","7.271455591449456e-47"
"198.70000000000002","6.891717255400076e-47"
"198.8","6.531810052478309e-47"
"198.9","6.190698338389673e-47"
"199.0","5.86740055344987e-47"
"199.10000000000002","5.560986398115927e-47"
"199.20000000000002","5.270574156020004e-47"
"199.3","4.995328156802818e-47"
"199.4","4.734456371445907e-47"
"199.5","4.48720813318322e-47"
"199.60000000000002","4.252871977433889e-47"
"199.70000000000002","4.030773594540533e-47"
"199.8","3.820273889422003e-47"
"199.9","3.6207671425571947e-47"
"200.0","3.4316792670080764e-47"
