"","{#status->#S}"
"0.0","0.995"
"0.1","0.9944353453782169"
"0.2","0.9938123035804185"
"0.30000000000000004","0.9931249570821341"
"0.4","0.9923668148149338"
"0.5","0.9915307623094556"
"0.6000000000000001","0.9906090087797402"
"0.7000000000000001","0.9895930312649965"
"0.8","0.9884735160387373"
"0.9","0.9872402976120335"
"1.0","0.9858822958012281"
"1.1","0.9843874515049059"
"1.2000000000000002","0.982742662044424"
"1.3","0.9809337171710786"
"1.4000000000000001","0.978945237134883"
"1.5","0.9767606145481798"
"1.6","0.9743619621639442"
"1.7000000000000002","0.971730069123843"
"1.8","0.9688443687123576"
"1.9000000000000001","0.9656829211743355"
"2.0","0.9622224157028997"
"2.1","0.9584381962650448"
"2.2","0.9543043164777879"
"2.3000000000000003","0.9497936292431346"
"2.4000000000000004","0.944877917249093"
"2.5","0.9395280706881302"
"2.6","0.9337143185631116"
"2.7","0.9274065196616083"
"2.8000000000000003","0.9205745185913556"
"2.9000000000000004","0.9131885710873201"
"3.0","0.9052198410326006"
"3.1","0.8966409692040436"
"3.2","0.8874267106103533"
"3.3000000000000003","0.8775546334326311"
"3.4000000000000004","0.8670058680659227"
"3.5","0.8557658897392058"
"3.6","0.8438253129011526"
"3.7","0.8311806703450415"
"3.8000000000000003","0.8178351453527906"
"3.9000000000000004","0.8037992214880488"
"4.0","0.7890912126226413"
"4.1000000000000005","0.7737376358796679"
"4.2","0.7577733928649205"
"4.3","0.741241730103339"
"4.4","0.724193958012238"
"4.5","0.7066889187310601"
"4.6000000000000005","0.6887922060612767"
"4.7","0.6705751547198991"
"4.800000000000001","0.6521136299231455"
"4.9","0.6334866607433607"
"5.0","0.6147749705312849"
"5.1000000000000005","0.596059463995248"
"5.2","0.5774197326626381"
"5.300000000000001","0.5589326382437356"
"5.4","0.5406710271642949"
"5.5","0.5227026199368852"
"5.6000000000000005","0.5050891071149559"
"5.7","0.48788547049232694"
"5.800000000000001","0.4711395351539383"
"5.9","0.4548917459960029"
"6.0","0.4391751522214905"
"6.1000000000000005","0.4240155755919367"
"6.2","0.40943193308807296"
"6.300000000000001","0.3954366820384641"
"6.4","0.3820363554450236"
"6.5","0.36923215675611604"
"6.6000000000000005","0.35702058623448213"
"6.7","0.3453940748564836"
"6.800000000000001","0.33434160592143763"
"6.9","0.3238493088772912"
"7.0","0.31390101399948545"
"7.1000000000000005","0.3044787602983446"
"7.2","0.2955632522603914"
"7.300000000000001","0.2871342637001838"
"7.4","0.27917098911172433"
"7.5","0.2716523444978965"
"7.6000000000000005","0.26455722078060273"
"7.7","0.2578646936224235"
"7.800000000000001","0.2515541938947484"
"7.9","0.24560564317668915"
"8.0","0.23999955862641972"
"8.1","0.23471713138627398"
"8.200000000000001","0.22974028241022743"
"8.3","0.22505169927371008"
"8.4","0.22063485716927922"
"8.5","0.2164740269286578"
"8.6","0.21255427255714468"
"8.700000000000001","0.20886144043069074"
"8.8","0.20538214199542873"
"8.9","0.2021037315276266"
"9.0","0.1990142802602247"
"9.1","0.19610254796007837"
"9.200000000000001","0.19335795284649063"
"9.3","0.19077054057464143"
"9.4","0.18833095286478924"
"9.5","0.1860303962371657"
"9.600000000000001","0.18386061121081662"
"9.700000000000001","0.18181384223986585"
"9.8","0.17988280859054276"
"9.9","0.17806067630476335"
"10.0","0.17634103134923101"
"10.100000000000001","0.1747178540112793"
"10.200000000000001","0.17318549457256988"
"10.3","0.17173865026802473"
"10.4","0.17037234351892852"
"10.5","0.16908190141506038"
"10.600000000000001","0.1678629364102095"
"10.700000000000001","0.16671132818783738"
"10.8","0.16562320664840532"
"10.9","0.1645949359665261"
"11.0","0.1636230996642326"
"11.100000000000001","0.1627044866459639"
"11.200000000000001","0.16183607814108544"
"11.3","0.1610150355006698"
"11.4","0.16023868879669015"
"11.5","0.15950452617357985"
"11.600000000000001","0.15881018390417292"
"11.700000000000001","0.15815343710427002"
"11.8","0.15753219106240207"
"11.9","0.15694447314373272"
"12.0","0.1563884252294043"
"12.100000000000001","0.15586229665496307"
"12.200000000000001","0.15536443761376723"
"12.3","0.15489329299347107"
"12.4","0.15444739661577903"
"12.5","0.15402536585166215"
"12.600000000000001","0.15362589658612727"
"12.700000000000001","0.15324775850841915"
"12.8","0.15288979070522118"
"12.9","0.15255089753600146"
"13.0","0.1522300447711301"
"13.100000000000001","0.15192625597477608"
"13.200000000000001","0.151638609115879"
"13.3","0.15136623339169133"
"13.4","0.1511083062494998"
"13.5","0.15086405059317037"
"13.600000000000001","0.15063273216212086"
"13.700000000000001","0.15041365707121535"
"13.8","0.1502061695008986"
"13.9","0.1500096495276534"
"14.0","0.14982351108556852"
"14.100000000000001","0.1496472000504615"
"14.200000000000001","0.14948019243860322"
"14.3","0.14932199271265303"
"14.4","0.14917213218793007"
"14.5","0.14903016753262588"
"14.600000000000001","0.14889567935600767"
"14.700000000000001","0.14876827087907019"
"14.8","0.14864756668247622"
"14.9","0.14853321152697568"
"15.0","0.14842486924181947"
"15.100000000000001","0.14832222167698692"
"15.200000000000001","0.14822496771532367"
"15.3","0.14813282234094755"
"15.4","0.14804551576051947"
"15.5","0.14796279257420028"
"15.600000000000001","0.14788441099332078"
"15.700000000000001","0.14781014210198523"
"15.8","0.14773976916000692"
"15.9","0.14767308694474074"
"16.0","0.1476099011295321"
"16.1","0.14755002769664544"
"16.2","0.1474932923826692"
"16.3","0.14743953015451935"
"16.400000000000002","0.14738858471427912"
"16.5","0.14734030803122156"
"16.6","0.14729455989946183"
"16.7","0.14725120751978205"
"16.8","0.1472101251042572"
"16.900000000000002","0.14717119350239571"
"17.0","0.14713429984758286"
"17.1","0.1470993372226888"
"17.2","0.14706620434376974"
"17.3","0.14703480526085314"
"17.400000000000002","0.14700504907485876"
"17.5","0.14697684966976024"
"17.6","0.14695012545914607"
"17.7","0.14692479914638562"
"17.8","0.14690079749765295"
"17.900000000000002","0.14687805112710273"
"18.0","0.14685649429353395"
"18.1","0.14683606470791383"
"18.2","0.14681670335117056"
"18.3","0.14679835430169674"
"18.400000000000002","0.1467809645720363"
"18.5","0.14676448395425798"
"18.6","0.1467488648735452"
"18.7","0.1467340622495595"
"18.8","0.1467200333651584"
"18.900000000000002","0.14670673774207166"
"19.0","0.14669413702316292"
"19.1","0.1466821948609228"
"19.200000000000003","0.14667087681185978"
"19.3","0.14666015023647347"
"19.400000000000002","0.1466499842045116"
"19.5","0.1466403494052293"
"19.6","0.1466312180623829"
"19.700000000000003","0.14662256385370745"
"19.8","0.14661436183463794"
"19.900000000000002","0.1466065883660498"
"20.0","0.14659922104580445"
"20.1","0.14659223864389825"
"20.200000000000003","0.1465856210410239"
"20.3","0.14657934917036308"
"20.400000000000002","0.1465734049624397"
"20.5","0.14656777129287168"
"20.6","0.1465624319328677"
"20.700000000000003","0.1465573715023244"
"20.8","0.14655257542538633"
"20.900000000000002","0.14654802988833876"
"21.0","0.14654372179971045"
"21.1","0.14653963875246942"
"21.200000000000003","0.14653576898820223"
"21.3","0.14653210136317124"
"21.400000000000002","0.146528625316152"
"21.5","0.1465253308379564"
"21.6","0.14652220844255318"
"21.700000000000003","0.14651924913970168"
"21.8","0.1465164444090194"
"21.900000000000002","0.14651378617540803"
"22.0","0.14651126678576643"
"22.1","0.14650887898692314"
"22.200000000000003","0.14650661590472422"
"22.3","0.14650447102421604"
"22.400000000000002","0.14650243817086525"
"22.5","0.14650051149276183"
"22.6","0.1464986854437533"
"22.700000000000003","0.14649695476746177"
"22.8","0.14649531448213687"
"22.900000000000002","0.14649375986630153"
"23.0","0.14649228644514828"
"23.1","0.14649088997764742"
"23.200000000000003","0.1464895664443292"
"23.3","0.14648831203570528"
"23.400000000000002","0.14648712314129542"
"23.5","0.14648599633922807"
"23.6","0.14648492838638477"
"23.700000000000003","0.14648391620905976"
"23.8","0.14648295689410798"
"23.900000000000002","0.1464820476805558"
"24.0","0.14648118595165033"
"24.1","0.14648036922732416"
"24.200000000000003","0.1464795951570543"
"24.3","0.14647886151309408"
"24.400000000000002","0.1464781661840589"
"24.5","0.14647750716884714"
"24.6","0.14647688257087893"
"24.700000000000003","0.14647629059263578"
"24.8","0.14647572953048563"
"24.900000000000002","0.14647519776977844"
"25.0","0.14647469378019787"
"25.1","0.146474216111356"
"25.200000000000003","0.1464737633886181"
"25.3","0.14647333430914558"
"25.400000000000002","0.1464729276381458"
"25.5","0.14647254220531766"
"25.6","0.14647217690148298"
"25.700000000000003","0.14647183067539382"
"25.8","0.14647150253070673"
"25.900000000000002","0.14647119152311475"
"26.0","0.14647089675762967"
"26.1","0.14647061738600597"
"26.200000000000003","0.14647035260429933"
"26.3","0.14647010165055283"
"26.400000000000002","0.14646986380260396"
"26.5","0.14646963837600613"
"26.6","0.1464694247220588"
"26.700000000000003","0.14646922222594044"
"26.8","0.1464690303049392"
"26.900000000000002","0.14646884840677574"
"27.0","0.1464686760080139"
"27.1","0.1464685126125541"
"27.200000000000003","0.14646835775020597"
"27.3","0.14646821097533472"
"27.400000000000002","0.14646807186557903"
"27.5","0.14646794002063537"
"27.6","0.14646781506110604"
"27.700000000000003","0.14646769662740733"
"27.8","0.1464675843787347"
"27.900000000000002","0.14646747799208204"
"28.0","0.14646737716131203"
"28.1","0.1464672815962753"
"28.200000000000003","0.14646719102197536"
"28.3","0.14646710517777722"
"28.400000000000002","0.14646702381665735"
"28.5","0.14646694670449287"
"28.6","0.1464668736193878"
"28.700000000000003","0.14646680435103443"
"28.8","0.14646673870010826"
"28.900000000000002","0.14646667647769426"
"29.0","0.14646661750474327"
"29.1","0.14646656161155686"
"29.200000000000003","0.14646650863729888"
"29.3","0.14646645842953265"
"29.400000000000002","0.14646641084378234"
"29.5","0.1464663657431172"
"29.6","0.1464663229977575"
"29.700000000000003","0.14646628248470112"
"29.8","0.1464662440873695"
"29.900000000000002","0.14646620769527233"
"30.0","0.14646617320368946"
"30.1","0.1464661405133696"
"30.200000000000003","0.14646610953024475"
"30.3","0.1464660801651594"
"30.400000000000002","0.14646605233361418"
"30.5","0.14646602595552247"
"30.6","0.1464660009549801"
"30.700000000000003","0.1464659772600469"
"30.8","0.14646595480253957"
"30.900000000000002","0.1464659335178357"
"31.0","0.14646591334468764"
"31.1","0.14646589422504627"
"31.200000000000003","0.14646587610389403"
"31.3","0.14646585892908653"
"31.400000000000002","0.1464658426512026"
"31.5","0.1464658272234019"
"31.6","0.14646581260129038"
"31.700000000000003","0.1464657987427923"
"31.8","0.1464657856080293"
"31.900000000000002","0.1464657731592056"
"32.0","0.14646576136049919"
"32.1","0.14646575017795888"
"32.2","0.14646573957940648"
"32.300000000000004","0.14646572953434428"
"32.4","0.14646572001386718"
"32.5","0.14646571099057973"
"32.6","0.14646570243851706"
"32.7","0.1464656943330703"
"32.800000000000004","0.14646568665091575"
"32.9","0.1464656793699477"
"33.0","0.14646567246921494"
"33.1","0.14646566592886034"
"33.2","0.1464656597300638"
"33.300000000000004","0.1464656538549881"
"33.4","0.14646564828672748"
"33.5","0.1464656430092591"
"33.6","0.14646563800739684"
"33.7","0.1464656332667477"
"33.800000000000004","0.14646562877367023"
"33.9","0.14646562451523554"
"34.0","0.14646562047918976"
"34.1","0.14646561665391908"
"34.2","0.14646561302841613"
"34.300000000000004","0.1464656095922484"
"34.4","0.14646560633552827"
"34.5","0.14646560324888433"
"34.6","0.1464656003234347"
"34.7","0.14646559755076133"
"34.800000000000004","0.1464655949228857"
"34.9","0.14646559243224605"
"35.0","0.14646559007167548"
"35.1","0.14646558783438135"
"35.2","0.14646558571392582"
"35.300000000000004","0.14646558370420718"
"35.4","0.14646558179944236"
"35.5","0.1464655799941504"
"35.6","0.14646557828313647"
"35.7","0.1464655766614771"
"35.800000000000004","0.14646557512450592"
"35.9","0.14646557366780022"
"36.0","0.14646557228716828"
"36.1","0.1464655709786373"
"36.2","0.14646556973844194"
"36.300000000000004","0.1464655685630135"
"36.4","0.14646556744896963"
"36.5","0.14646556639310465"
"36.6","0.1464655653923803"
"36.7","0.1464655644439169"
"36.800000000000004","0.14646556354498527"
"36.9","0.1464655626929987"
"37.0","0.14646556188550552"
"37.1","0.1464655611201822"
"37.2","0.14646556039482647"
"37.300000000000004","0.14646555970735112"
"37.4","0.1464655590557779"
"37.5","0.1464655584382319"
"37.6","0.14646555785293608"
"37.7","0.14646555729820626"
"37.800000000000004","0.1464655567724462"
"37.9","0.14646555627414296"
"38.0","0.14646555580186268"
"38.1","0.14646555535424638"
"38.2","0.14646555493000604"
"38.300000000000004","0.14646555452792084"
"38.400000000000006","0.1464655541468338"
"38.5","0.14646555378564832"
"38.6","0.1464655534433251"
"38.7","0.14646555311887907"
"38.800000000000004","0.14646555281137663"
"38.900000000000006","0.14646555251993296"
"39.0","0.14646555224370938"
"39.1","0.14646555198191108"
"39.2","0.14646555173378473"
"39.300000000000004","0.1464655514986163"
"39.400000000000006","0.14646555127572908"
"39.5","0.14646555106448175"
"39.6","0.14646555086426644"
"39.7","0.14646555067450698"
"39.800000000000004","0.14646555049465734"
"39.900000000000006","0.14646555032420006"
"40.0","0.1464655501626446"
"40.1","0.14646555000952602"
"40.2","0.14646554986440383"
"40.300000000000004","0.14646554972686035"
"40.400000000000006","0.14646554959649985"
"40.5","0.14646554947294718"
"40.6","0.1464655493558468"
"40.7","0.14646554924486177"
"40.800000000000004","0.14646554913967272"
"40.900000000000006","0.14646554903997702"
"41.0","0.14646554894548772"
"41.1","0.14646554885593294"
"41.2","0.146465548771055"
"41.300000000000004","0.14646554869060965"
"41.400000000000006","0.14646554861436542"
"41.5","0.1464655485421029"
"41.6","0.14646554847361415"
"41.7","0.1464655484087021"
"41.800000000000004","0.14646554834717998"
"41.900000000000006","0.1464655482888707"
"42.0","0.14646554823360655"
"42.1","0.14646554818122845"
"42.2","0.14646554813158572"
"42.300000000000004","0.14646554808453546"
"42.400000000000006","0.1464655480399423"
"42.5","0.14646554799767797"
"42.6","0.14646554795762082"
"42.7","0.14646554791965558"
"42.800000000000004","0.14646554788367297"
"42.900000000000006","0.14646554784956953"
"43.0","0.14646554781724705"
"43.1","0.14646554778661258"
"43.2","0.14646554775757792"
"43.300000000000004","0.14646554773005954"
"43.400000000000006","0.14646554770397824"
"43.5","0.146465547679259"
"43.6","0.1464655476558307"
"43.7","0.1464655476336259"
"43.800000000000004","0.14646554761258068"
"43.900000000000006","0.14646554759263453"
"44.0","0.14646554757373"
"44.1","0.14646554755581276"
"44.2","0.1464655475388312"
"44.300000000000004","0.14646554752273647"
"44.400000000000006","0.14646554750748222"
"44.5","0.14646554749302462"
"44.6","0.14646554747932208"
"44.7","0.1464655474663351"
"44.800000000000004","0.14646554745402635"
"44.900000000000006","0.1464655474423604"
"45.0","0.14646554743130366"
"45.1","0.14646554742082435"
"45.2","0.1464655474108923"
"45.300000000000004","0.14646554740147893"
"45.400000000000006","0.14646554739255718"
"45.5","0.14646554738410134"
"45.6","0.14646554737608708"
"45.7","0.14646554736849138"
"45.800000000000004","0.1464655473612923"
"45.900000000000006","0.1464655473544692"
"46.0","0.14646554734800243"
"46.1","0.14646554734187336"
"46.2","0.1464655473360644"
"46.300000000000004","0.1464655473305588"
"46.400000000000006","0.1464655473253407"
"46.5","0.14646554732039513"
"46.6","0.14646554731570782"
"46.7","0.1464655473112653"
"46.800000000000004","0.14646554730705477"
"46.900000000000006","0.14646554730306413"
"47.0","0.1464655472992819"
"47.1","0.14646554729569722"
"47.2","0.14646554729229969"
"47.300000000000004","0.14646554728907962"
"47.400000000000006","0.14646554728602768"
"47.5","0.14646554728313516"
"47.6","0.14646554728039365"
"47.7","0.14646554727779534"
"47.800000000000004","0.14646554727533273"
"47.900000000000006","0.1464655472729987"
"48.0","0.1464655472707866"
"48.1","0.14646554726869002"
"48.2","0.1464655472667029"
"48.300000000000004","0.14646554726481956"
"48.400000000000006","0.1464655472630346"
"48.5","0.1464655472613428"
"48.6","0.1464655472597394"
"48.7","0.14646554725821972"
"48.800000000000004","0.1464655472567794"
"48.900000000000006","0.1464655472554143"
"49.0","0.1464655472541205"
"49.1","0.14646554725289423"
"49.2","0.14646554725173205"
"49.300000000000004","0.14646554725063055"
"49.400000000000006","0.14646554724958655"
"49.5","0.1464655472485971"
"49.6","0.14646554724765928"
"49.7","0.14646554724677047"
"49.800000000000004","0.14646554724592806"
"49.900000000000006","0.14646554724512967"
"50.0","0.14646554724437294"
"50.1","0.14646554724365574"
"50.2","0.146465547242976"
"50.300000000000004","0.14646554724233177"
"50.400000000000006","0.14646554724172117"
"50.5","0.14646554724114247"
"50.6","0.14646554724059396"
"50.7","0.14646554724007413"
"50.800000000000004","0.14646554723958144"
"50.900000000000006","0.14646554723911448"
"51.0","0.1464655472386719"
"51.1","0.14646554723825242"
"51.2","0.14646554723785488"
"51.300000000000004","0.14646554723747807"
"51.400000000000006","0.14646554723712096"
"51.5","0.14646554723678248"
"51.6","0.14646554723646169"
"51.7","0.14646554723615762"
"51.800000000000004","0.14646554723586946"
"51.900000000000006","0.14646554723559635"
"52.0","0.1464655472353375"
"52.1","0.14646554723509217"
"52.2","0.14646554723485966"
"52.300000000000004","0.14646554723463928"
"52.400000000000006","0.14646554723443042"
"52.5","0.14646554723423247"
"52.6","0.14646554723404484"
"52.7","0.146465547233867"
"52.800000000000004","0.14646554723369848"
"52.900000000000006","0.14646554723353875"
"53.0","0.14646554723338737"
"53.1","0.14646554723324387"
"53.2","0.14646554723310787"
"53.300000000000004","0.14646554723297897"
"53.400000000000006","0.14646554723285682"
"53.5","0.14646554723274102"
"53.6","0.1464655472326313"
"53.7","0.1464655472325273"
"53.800000000000004","0.14646554723242872"
"53.900000000000006","0.1464655472323353"
"54.0","0.14646554723224675"
"54.1","0.14646554723216285"
"54.2","0.1464655472320833"
"54.300000000000004","0.14646554723200791"
"54.400000000000006","0.14646554723193647"
"54.5","0.14646554723186875"
"54.6","0.14646554723180458"
"54.7","0.14646554723174374"
"54.800000000000004","0.1464655472316861"
"54.900000000000006","0.14646554723163144"
"55.0","0.14646554723157965"
"55.1","0.14646554723153055"
"55.2","0.14646554723148403"
"55.300000000000004","0.14646554723143995"
"55.400000000000006","0.14646554723139815"
"55.5","0.14646554723135854"
"55.6","0.14646554723132102"
"55.7","0.14646554723128544"
"55.800000000000004","0.1464655472312517"
"55.900000000000006","0.14646554723121974"
"56.0","0.14646554723118946"
"56.1","0.14646554723116073"
"56.2","0.14646554723113353"
"56.300000000000004","0.14646554723110775"
"56.400000000000006","0.1464655472310833"
"56.5","0.14646554723106012"
"56.6","0.14646554723103816"
"56.7","0.14646554723101735"
"56.800000000000004","0.14646554723099764"
"56.900000000000006","0.14646554723097896"
"57.0","0.14646554723096125"
"57.1","0.14646554723094446"
"57.2","0.14646554723092853"
"57.300000000000004","0.14646554723091346"
"57.400000000000006","0.14646554723089916"
"57.5","0.14646554723088562"
"57.6","0.14646554723087277"
"57.7","0.1464655472308606"
"57.800000000000004","0.14646554723084906"
"57.900000000000006","0.14646554723083813"
"58.0","0.14646554723082778"
"58.1","0.14646554723081795"
"58.2","0.14646554723080865"
"58.300000000000004","0.14646554723079983"
"58.400000000000006","0.14646554723079147"
"58.5","0.14646554723078353"
"58.6","0.146465547230776"
"58.7","0.1464655472307689"
"58.800000000000004","0.14646554723076216"
"58.900000000000006","0.14646554723075575"
"59.0","0.1464655472307497"
"59.1","0.14646554723074393"
"59.2","0.1464655472307385"
"59.300000000000004","0.14646554723073335"
"59.400000000000006","0.14646554723072847"
"59.5","0.1464655472307238"
"59.6","0.14646554723071942"
"59.7","0.14646554723071525"
"59.800000000000004","0.1464655472307113"
"59.900000000000006","0.1464655472307076"
"60.0","0.14646554723070404"
"60.1","0.14646554723070065"
"60.2","0.1464655472306975"
"60.300000000000004","0.14646554723069447"
"60.400000000000006","0.1464655472306916"
"60.5","0.1464655472306889"
"60.6","0.14646554723068633"
"60.7","0.1464655472306839"
"60.800000000000004","0.1464655472306816"
"60.900000000000006","0.14646554723067942"
"61.0","0.14646554723067734"
"61.1","0.1464655472306754"
"61.2","0.1464655472306735"
"61.300000000000004","0.14646554723067173"
"61.400000000000006","0.14646554723067007"
"61.5","0.14646554723066846"
"61.6","0.14646554723066696"
"61.7","0.14646554723066554"
"61.800000000000004","0.14646554723066418"
"61.900000000000006","0.14646554723066293"
"62.0","0.1464655472306617"
"62.1","0.14646554723066055"
"62.2","0.14646554723065947"
"62.300000000000004","0.14646554723065844"
"62.400000000000006","0.14646554723065747"
"62.5","0.14646554723065652"
"62.6","0.14646554723065563"
"62.7","0.1464655472306548"
"62.800000000000004","0.146465547230654"
"62.900000000000006","0.14646554723065325"
"63.0","0.14646554723065255"
"63.1","0.14646554723065186"
"63.2","0.14646554723065125"
"63.300000000000004","0.1464655472306506"
"63.400000000000006","0.14646554723065006"
"63.5","0.1464655472306495"
"63.6","0.14646554723064897"
"63.7","0.1464655472306485"
"63.800000000000004","0.14646554723064806"
"63.900000000000006","0.1464655472306476"
"64.0","0.14646554723064723"
"64.10000000000001","0.14646554723064684"
"64.2","0.14646554723064645"
"64.3","0.1464655472306461"
"64.4","0.14646554723064575"
"64.5","0.14646554723064545"
"64.60000000000001","0.14646554723064514"
"64.7","0.14646554723064484"
"64.8","0.1464655472306446"
"64.9","0.1464655472306443"
"65.0","0.14646554723064406"
"65.10000000000001","0.14646554723064384"
"65.2","0.14646554723064362"
"65.3","0.14646554723064342"
"65.4","0.1464655472306432"
"65.5","0.14646554723064303"
"65.60000000000001","0.14646554723064284"
"65.7","0.1464655472306427"
"65.8","0.14646554723064253"
"65.9","0.14646554723064237"
"66.0","0.14646554723064223"
"66.10000000000001","0.1464655472306421"
"66.2","0.14646554723064195"
"66.3","0.14646554723064184"
"66.4","0.14646554723064173"
"66.5","0.14646554723064162"
"66.60000000000001","0.1464655472306415"
"66.7","0.14646554723064142"
"66.8","0.1464655472306413"
"66.9","0.14646554723064123"
"67.0","0.14646554723064115"
"67.10000000000001","0.14646554723064106"
"67.2","0.146465547230641"
"67.3","0.14646554723064092"
"67.4","0.14646554723064087"
"67.5","0.1464655472306408"
"67.60000000000001","0.14646554723064073"
"67.7","0.14646554723064067"
"67.8","0.14646554723064062"
"67.9","0.14646554723064056"
"68.0","0.14646554723064054"
"68.10000000000001","0.14646554723064048"
"68.2","0.14646554723064042"
"68.3","0.1464655472306404"
"68.4","0.14646554723064034"
"68.5","0.1464655472306403"
"68.60000000000001","0.14646554723064026"
"68.7","0.14646554723064023"
"68.8","0.1464655472306402"
"68.9","0.14646554723064018"
"69.0","0.14646554723064018"
"69.10000000000001","0.14646554723064015"
"69.2","0.14646554723064012"
"69.3","0.1464655472306401"
"69.4","0.14646554723064006"
"69.5","0.14646554723064004"
"69.60000000000001","0.14646554723064004"
"69.7","0.14646554723064"
"69.8","0.14646554723063998"
"69.9","0.14646554723063995"
"70.0","0.14646554723063993"
"70.10000000000001","0.14646554723063993"
"70.2","0.1464655472306399"
"70.3","0.14646554723063987"
"70.4","0.14646554723063984"
"70.5","0.14646554723063981"
"70.60000000000001","0.1464655472306398"
"70.7","0.1464655472306398"
"70.8","0.1464655472306398"
"70.9","0.1464655472306398"
"71.0","0.1464655472306398"
"71.10000000000001","0.1464655472306398"
"71.2","0.1464655472306398"
"71.3","0.1464655472306398"
"71.4","0.1464655472306398"
"71.5","0.1464655472306398"
"71.60000000000001","0.1464655472306398"
"71.7","0.1464655472306398"
"71.8","0.1464655472306398"
"71.9","0.1464655472306398"
"72.0","0.1464655472306398"
"72.10000000000001","0.1464655472306398"
"72.2","0.1464655472306398"
"72.3","0.1464655472306398"
"72.4","0.1464655472306398"
"72.5","0.1464655472306398"
"72.60000000000001","0.1464655472306398"
"72.7","0.1464655472306398"
"72.8","0.1464655472306398"
"72.9","0.1464655472306398"
"73.0","0.1464655472306398"
"73.10000000000001","0.1464655472306398"
"73.2","0.1464655472306398"
"73.3","0.1464655472306398"
"73.4","0.1464655472306398"
"73.5","0.1464655472306398"
"73.60000000000001","0.1464655472306398"
"73.7","0.1464655472306398"
"73.8","0.1464655472306398"
"73.9","0.1464655472306398"
"74.0","0.1464655472306398"
"74.10000000000001","0.1464655472306398"
"74.2","0.1464655472306398"
"74.3","0.1464655472306398"
"74.4","0.1464655472306398"
"74.5","0.1464655472306398"
"74.60000000000001","0.1464655472306398"
"74.7","0.1464655472306398"
"74.8","0.1464655472306398"
"74.9","0.1464655472306398"
"75.0","0.1464655472306398"
"75.10000000000001","0.1464655472306398"
"75.2","0.1464655472306398"
"75.3","0.1464655472306398"
"75.4","0.1464655472306398"
"75.5","0.1464655472306398"
"75.60000000000001","0.1464655472306398"
"75.7","0.1464655472306398"
"75.8","0.1464655472306398"
"75.9","0.1464655472306398"
"76.0","0.1464655472306398"
"76.10000000000001","0.1464655472306398"
"76.2","0.1464655472306398"
"76.3","0.1464655472306398"
"76.4","0.1464655472306398"
"76.5","0.1464655472306398"
"76.60000000000001","0.1464655472306398"
"76.7","0.1464655472306398"
"76.80000000000001","0.1464655472306398"
"76.9","0.1464655472306398"
"77.0","0.1464655472306398"
"77.10000000000001","0.1464655472306398"
"77.2","0.1464655472306398"
"77.30000000000001","0.1464655472306398"
"77.4","0.1464655472306398"
"77.5","0.1464655472306398"
"77.60000000000001","0.1464655472306398"
"77.7","0.1464655472306398"
"77.80000000000001","0.1464655472306398"
"77.9","0.1464655472306398"
"78.0","0.1464655472306398"
"78.10000000000001","0.1464655472306398"
"78.2","0.1464655472306398"
"78.30000000000001","0.1464655472306398"
"78.4","0.1464655472306398"
"78.5","0.1464655472306398"
"78.60000000000001","0.1464655472306398"
"78.7","0.1464655472306398"
"78.80000000000001","0.1464655472306398"
"78.9","0.1464655472306398"
"79.0","0.1464655472306398"
"79.10000000000001","0.1464655472306398"
"79.2","0.1464655472306398"
"79.30000000000001","0.1464655472306398"
"79.4","0.1464655472306398"
"79.5","0.1464655472306398"
"79.60000000000001","0.1464655472306398"
"79.7","0.1464655472306398"
"79.80000000000001","0.1464655472306398"
"79.9","0.1464655472306398"
"80.0","0.1464655472306398"
"80.10000000000001","0.1464655472306398"
"80.2","0.1464655472306398"
"80.30000000000001","0.1464655472306398"
"80.4","0.1464655472306398"
"80.5","0.1464655472306398"
"80.60000000000001","0.1464655472306398"
"80.7","0.1464655472306398"
"80.80000000000001","0.1464655472306398"
"80.9","0.1464655472306398"
"81.0","0.1464655472306398"
"81.10000000000001","0.1464655472306398"
"81.2","0.1464655472306398"
"81.30000000000001","0.1464655472306398"
"81.4","0.1464655472306398"
"81.5","0.1464655472306398"
"81.60000000000001","0.1464655472306398"
"81.7","0.1464655472306398"
"81.80000000000001","0.1464655472306398"
"81.9","0.1464655472306398"
"82.0","0.1464655472306398"
"82.10000000000001","0.1464655472306398"
"82.2","0.1464655472306398"
"82.30000000000001","0.1464655472306398"
"82.4","0.1464655472306398"
"82.5","0.1464655472306398"
"82.60000000000001","0.1464655472306398"
"82.7","0.1464655472306398"
"82.80000000000001","0.1464655472306398"
"82.9","0.1464655472306398"
"83.0","0.1464655472306398"
"83.10000000000001","0.1464655472306398"
"83.2","0.1464655472306398"
"83.30000000000001","0.1464655472306398"
"83.4","0.1464655472306398"
"83.5","0.1464655472306398"
"83.60000000000001","0.1464655472306398"
"83.7","0.1464655472306398"
"83.80000000000001","0.1464655472306398"
"83.9","0.1464655472306398"
"84.0","0.1464655472306398"
"84.10000000000001","0.1464655472306398"
"84.2","0.1464655472306398"
"84.30000000000001","0.1464655472306398"
"84.4","0.1464655472306398"
"84.5","0.1464655472306398"
"84.60000000000001","0.1464655472306398"
"84.7","0.1464655472306398"
"84.80000000000001","0.1464655472306398"
"84.9","0.1464655472306398"
"85.0","0.1464655472306398"
"85.10000000000001","0.1464655472306398"
"85.2","0.1464655472306398"
"85.30000000000001","0.1464655472306398"
"85.4","0.1464655472306398"
"85.5","0.1464655472306398"
"85.60000000000001","0.1464655472306398"
"85.7","0.1464655472306398"
"85.80000000000001","0.1464655472306398"
"85.9","0.1464655472306398"
"86.0","0.1464655472306398"
"86.10000000000001","0.1464655472306398"
"86.2","0.1464655472306398"
"86.30000000000001","0.1464655472306398"
"86.4","0.1464655472306398"
"86.5","0.1464655472306398"
"86.60000000000001","0.1464655472306398"
"86.7","0.1464655472306398"
"86.80000000000001","0.1464655472306398"
"86.9","0.1464655472306398"
"87.0","0.1464655472306398"
"87.10000000000001","0.1464655472306398"
"87.2","0.1464655472306398"
"87.30000000000001","0.1464655472306398"
"87.4","0.1464655472306398"
"87.5","0.1464655472306398"
"87.60000000000001","0.1464655472306398"
"87.7","0.1464655472306398"
"87.80000000000001","0.1464655472306398"
"87.9","0.1464655472306398"
"88.0","0.1464655472306398"
"88.10000000000001","0.1464655472306398"
"88.2","0.1464655472306398"
"88.30000000000001","0.1464655472306398"
"88.4","0.1464655472306398"
"88.5","0.1464655472306398"
"88.60000000000001","0.1464655472306398"
"88.7","0.1464655472306398"
"88.80000000000001","0.1464655472306398"
"88.9","0.1464655472306398"
"89.0","0.1464655472306398"
"89.10000000000001","0.1464655472306398"
"89.2","0.1464655472306398"
"89.30000000000001","0.1464655472306398"
"89.4","0.1464655472306398"
"89.5","0.1464655472306398"
"89.60000000000001","0.1464655472306398"
"89.7","0.1464655472306398"
"89.80000000000001","0.1464655472306398"
"89.9","0.1464655472306398"
"90.0","0.1464655472306398"
"90.10000000000001","0.1464655472306398"
"90.2","0.1464655472306398"
"90.30000000000001","0.1464655472306398"
"90.4","0.1464655472306398"
"90.5","0.1464655472306398"
"90.60000000000001","0.1464655472306398"
"90.7","0.1464655472306398"
"90.80000000000001","0.1464655472306398"
"90.9","0.1464655472306398"
"91.0","0.1464655472306398"
"91.10000000000001","0.1464655472306398"
"91.2","0.1464655472306398"
"91.30000000000001","0.1464655472306398"
"91.4","0.1464655472306398"
"91.5","0.1464655472306398"
"91.60000000000001","0.1464655472306398"
"91.7","0.1464655472306398"
"91.80000000000001","0.1464655472306398"
"91.9","0.1464655472306398"
"92.0","0.1464655472306398"
"92.10000000000001","0.1464655472306398"
"92.2","0.1464655472306398"
"92.30000000000001","0.1464655472306398"
"92.4","0.1464655472306398"
"92.5","0.1464655472306398"
"92.60000000000001","0.1464655472306398"
"92.7","0.1464655472306398"
"92.80000000000001","0.1464655472306398"
"92.9","0.1464655472306398"
"93.0","0.1464655472306398"
"93.10000000000001","0.1464655472306398"
"93.2","0.1464655472306398"
"93.30000000000001","0.1464655472306398"
"93.4","0.1464655472306398"
"93.5","0.1464655472306398"
"93.60000000000001","0.1464655472306398"
"93.7","0.1464655472306398"
"93.80000000000001","0.1464655472306398"
"93.9","0.1464655472306398"
"94.0","0.1464655472306398"
"94.10000000000001","0.1464655472306398"
"94.2","0.1464655472306398"
"94.30000000000001","0.1464655472306398"
"94.4","0.1464655472306398"
"94.5","0.1464655472306398"
"94.60000000000001","0.1464655472306398"
"94.7","0.1464655472306398"
"94.80000000000001","0.1464655472306398"
"94.9","0.1464655472306398"
"95.0","0.1464655472306398"
"95.10000000000001","0.1464655472306398"
"95.2","0.1464655472306398"
"95.30000000000001","0.1464655472306398"
"95.4","0.1464655472306398"
"95.5","0.1464655472306398"
"95.60000000000001","0.1464655472306398"
"95.7","0.1464655472306398"
"95.80000000000001","0.1464655472306398"
"95.9","0.1464655472306398"
"96.0","0.1464655472306398"
"96.10000000000001","0.1464655472306398"
"96.2","0.1464655472306398"
"96.30000000000001","0.1464655472306398"
"96.4","0.1464655472306398"
"96.5","0.1464655472306398"
"96.60000000000001","0.1464655472306398"
"96.7","0.1464655472306398"
"96.80000000000001","0.1464655472306398"
"96.9","0.1464655472306398"
"97.0","0.1464655472306398"
"97.10000000000001","0.1464655472306398"
"97.2","0.1464655472306398"
"97.30000000000001","0.1464655472306398"
"97.4","0.1464655472306398"
"97.5","0.1464655472306398"
"97.60000000000001","0.1464655472306398"
"97.7","0.1464655472306398"
"97.80000000000001","0.1464655472306398"
"97.9","0.1464655472306398"
"98.0","0.1464655472306398"
"98.10000000000001","0.1464655472306398"
"98.2","0.1464655472306398"
"98.30000000000001","0.1464655472306398"
"98.4","0.1464655472306398"
"98.5","0.1464655472306398"
"98.60000000000001","0.1464655472306398"
"98.7","0.1464655472306398"
"98.80000000000001","0.1464655472306398"
"98.9","0.1464655472306398"
"99.0","0.1464655472306398"
"99.10000000000001","0.1464655472306398"
"99.2","0.1464655472306398"
"99.30000000000001","0.1464655472306398"
"99.4","0.1464655472306398"
"99.5","0.1464655472306398"
"99.60000000000001","0.1464655472306398"
"99.7","0.1464655472306398"
"99.80000000000001","0.1464655472306398"
"99.9","0.1464655472306398"
"100.0","0.1464655472306398"
"100.10000000000001","0.1464655472306398"
"100.2","0.1464655472306398"
"100.30000000000001","0.1464655472306398"
"100.4","0.1464655472306398"
"100.5","0.1464655472306398"
"100.60000000000001","0.1464655472306398"
"100.7","0.1464655472306398"
"100.80000000000001","0.1464655472306398"
"100.9","0.1464655472306398"
"101.0","0.1464655472306398"
"101.10000000000001","0.1464655472306398"
"101.2","0.1464655472306398"
"101.30000000000001","0.1464655472306398"
"101.4","0.1464655472306398"
"101.5","0.1464655472306398"
"101.60000000000001","0.1464655472306398"
"101.7","0.1464655472306398"
"101.80000000000001","0.1464655472306398"
"101.9","0.1464655472306398"
"102.0","0.1464655472306398"
"102.10000000000001","0.1464655472306398"
"102.2","0.1464655472306398"
"102.30000000000001","0.1464655472306398"
"102.4","0.1464655472306398"
"102.5","0.1464655472306398"
"102.60000000000001","0.1464655472306398"
"102.7","0.1464655472306398"
"102.80000000000001","0.1464655472306398"
"102.9","0.1464655472306398"
"103.0","0.1464655472306398"
"103.10000000000001","0.1464655472306398"
"103.2","0.1464655472306398"
"103.30000000000001","0.1464655472306398"
"103.4","0.1464655472306398"
"103.5","0.1464655472306398"
"103.60000000000001","0.1464655472306398"
"103.7","0.1464655472306398"
"103.80000000000001","0.1464655472306398"
"103.9","0.1464655472306398"
"104.0","0.1464655472306398"
"104.10000000000001","0.1464655472306398"
"104.2","0.1464655472306398"
"104.30000000000001","0.1464655472306398"
"104.4","0.1464655472306398"
"104.5","0.1464655472306398"
"104.60000000000001","0.1464655472306398"
"104.7","0.1464655472306398"
"104.80000000000001","0.1464655472306398"
"104.9","0.1464655472306398"
"105.0","0.1464655472306398"
"105.10000000000001","0.1464655472306398"
"105.2","0.1464655472306398"
"105.30000000000001","0.1464655472306398"
"105.4","0.1464655472306398"
"105.5","0.1464655472306398"
"105.60000000000001","0.1464655472306398"
"105.7","0.1464655472306398"
"105.80000000000001","0.1464655472306398"
"105.9","0.1464655472306398"
"106.0","0.1464655472306398"
"106.10000000000001","0.1464655472306398"
"106.2","0.1464655472306398"
"106.30000000000001","0.1464655472306398"
"106.4","0.1464655472306398"
"106.5","0.1464655472306398"
"106.60000000000001","0.1464655472306398"
"106.7","0.1464655472306398"
"106.80000000000001","0.1464655472306398"
"106.9","0.1464655472306398"
"107.0","0.1464655472306398"
"107.10000000000001","0.1464655472306398"
"107.2","0.1464655472306398"
"107.30000000000001","0.1464655472306398"
"107.4","0.1464655472306398"
"107.5","0.1464655472306398"
"107.60000000000001","0.1464655472306398"
"107.7","0.1464655472306398"
"107.80000000000001","0.1464655472306398"
"107.9","0.1464655472306398"
"108.0","0.1464655472306398"
"108.10000000000001","0.1464655472306398"
"108.2","0.1464655472306398"
"108.30000000000001","0.1464655472306398"
"108.4","0.1464655472306398"
"108.5","0.1464655472306398"
"108.60000000000001","0.1464655472306398"
"108.7","0.1464655472306398"
"108.80000000000001","0.1464655472306398"
"108.9","0.1464655472306398"
"109.0","0.1464655472306398"
"109.10000000000001","0.1464655472306398"
"109.2","0.1464655472306398"
"109.30000000000001","0.1464655472306398"
"109.4","0.1464655472306398"
"109.5","0.1464655472306398"
"109.60000000000001","0.1464655472306398"
"109.7","0.1464655472306398"
"109.80000000000001","0.1464655472306398"
"109.9","0.1464655472306398"
"110.0","0.1464655472306398"
"110.10000000000001","0.1464655472306398"
"110.2","0.1464655472306398"
"110.30000000000001","0.1464655472306398"
"110.4","0.1464655472306398"
"110.5","0.1464655472306398"
"110.60000000000001","0.1464655472306398"
"110.7","0.1464655472306398"
"110.80000000000001","0.1464655472306398"
"110.9","0.1464655472306398"
"111.0","0.1464655472306398"
"111.10000000000001","0.1464655472306398"
"111.2","0.1464655472306398"
"111.30000000000001","0.1464655472306398"
"111.4","0.1464655472306398"
"111.5","0.1464655472306398"
"111.60000000000001","0.1464655472306398"
"111.7","0.1464655472306398"
"111.80000000000001","0.1464655472306398"
"111.9","0.1464655472306398"
"112.0","0.1464655472306398"
"112.10000000000001","0.1464655472306398"
"112.2","0.1464655472306398"
"112.30000000000001","0.1464655472306398"
"112.4","0.1464655472306398"
"112.5","0.1464655472306398"
"112.60000000000001","0.1464655472306398"
"112.7","0.1464655472306398"
"112.80000000000001","0.1464655472306398"
"112.9","0.1464655472306398"
"113.0","0.1464655472306398"
"113.10000000000001","0.1464655472306398"
"113.2","0.1464655472306398"
"113.30000000000001","0.1464655472306398"
"113.4","0.1464655472306398"
"113.5","0.1464655472306398"
"113.60000000000001","0.1464655472306398"
"113.7","0.1464655472306398"
"113.80000000000001","0.1464655472306398"
"113.9","0.1464655472306398"
"114.0","0.1464655472306398"
"114.10000000000001","0.1464655472306398"
"114.2","0.1464655472306398"
"114.30000000000001","0.1464655472306398"
"114.4","0.1464655472306398"
"114.5","0.1464655472306398"
"114.60000000000001","0.1464655472306398"
"114.7","0.1464655472306398"
"114.80000000000001","0.1464655472306398"
"114.9","0.1464655472306398"
"115.0","0.1464655472306398"
"115.10000000000001","0.1464655472306398"
"115.2","0.1464655472306398"
"115.30000000000001","0.1464655472306398"
"115.4","0.1464655472306398"
"115.5","0.1464655472306398"
"115.60000000000001","0.1464655472306398"
"115.7","0.1464655472306398"
"115.80000000000001","0.1464655472306398"
"115.9","0.1464655472306398"
"116.0","0.1464655472306398"
"116.10000000000001","0.1464655472306398"
"116.2","0.1464655472306398"
"116.30000000000001","0.1464655472306398"
"116.4","0.1464655472306398"
"116.5","0.1464655472306398"
"116.60000000000001","0.1464655472306398"
"116.7","0.1464655472306398"
"116.80000000000001","0.1464655472306398"
"116.9","0.1464655472306398"
"117.0","0.1464655472306398"
"117.10000000000001","0.1464655472306398"
"117.2","0.1464655472306398"
"117.30000000000001","0.1464655472306398"
"117.4","0.1464655472306398"
"117.5","0.1464655472306398"
"117.60000000000001","0.1464655472306398"
"117.7","0.1464655472306398"
"117.80000000000001","0.1464655472306398"
"117.9","0.1464655472306398"
"118.0","0.1464655472306398"
"118.10000000000001","0.1464655472306398"
"118.2","0.1464655472306398"
"118.30000000000001","0.1464655472306398"
"118.4","0.1464655472306398"
"118.5","0.1464655472306398"
"118.60000000000001","0.1464655472306398"
"118.7","0.1464655472306398"
"118.80000000000001","0.1464655472306398"
"118.9","0.1464655472306398"
"119.0","0.1464655472306398"
"119.10000000000001","0.1464655472306398"
"119.2","0.1464655472306398"
"119.30000000000001","0.1464655472306398"
"119.4","0.1464655472306398"
"119.5","0.1464655472306398"
"119.60000000000001","0.1464655472306398"
"119.7","0.1464655472306398"
"119.80000000000001","0.1464655472306398"
"119.9","0.1464655472306398"
"120.0","0.1464655472306398"
"120.10000000000001","0.1464655472306398"
"120.2","0.1464655472306398"
"120.30000000000001","0.1464655472306398"
"120.4","0.1464655472306398"
"120.5","0.1464655472306398"
"120.60000000000001","0.1464655472306398"
"120.7","0.1464655472306398"
"120.80000000000001","0.1464655472306398"
"120.9","0.1464655472306398"
"121.0","0.1464655472306398"
"121.10000000000001","0.1464655472306398"
"121.2","0.1464655472306398"
"121.30000000000001","0.1464655472306398"
"121.4","0.1464655472306398"
"121.5","0.1464655472306398"
"121.60000000000001","0.1464655472306398"
"121.7","0.1464655472306398"
"121.80000000000001","0.1464655472306398"
"121.9","0.1464655472306398"
"122.0","0.1464655472306398"
"122.10000000000001","0.1464655472306398"
"122.2","0.1464655472306398"
"122.30000000000001","0.1464655472306398"
"122.4","0.1464655472306398"
"122.5","0.1464655472306398"
"122.60000000000001","0.1464655472306398"
"122.7","0.1464655472306398"
"122.80000000000001","0.1464655472306398"
"122.9","0.1464655472306398"
"123.0","0.1464655472306398"
"123.10000000000001","0.1464655472306398"
"123.2","0.1464655472306398"
"123.30000000000001","0.1464655472306398"
"123.4","0.1464655472306398"
"123.5","0.1464655472306398"
"123.60000000000001","0.1464655472306398"
"123.7","0.1464655472306398"
"123.80000000000001","0.1464655472306398"
"123.9","0.1464655472306398"
"124.0","0.1464655472306398"
"124.10000000000001","0.1464655472306398"
"124.2","0.1464655472306398"
"124.30000000000001","0.1464655472306398"
"124.4","0.1464655472306398"
"124.5","0.1464655472306398"
"124.60000000000001","0.1464655472306398"
"124.7","0.1464655472306398"
"124.80000000000001","0.1464655472306398"
"124.9","0.1464655472306398"
"125.0","0.1464655472306398"
"125.10000000000001","0.1464655472306398"
"125.2","0.1464655472306398"
"125.30000000000001","0.1464655472306398"
"125.4","0.1464655472306398"
"125.5","0.1464655472306398"
"125.60000000000001","0.1464655472306398"
"125.7","0.1464655472306398"
"125.80000000000001","0.1464655472306398"
"125.9","0.1464655472306398"
"126.0","0.1464655472306398"
"126.10000000000001","0.1464655472306398"
"126.2","0.1464655472306398"
"126.30000000000001","0.1464655472306398"
"126.4","0.1464655472306398"
"126.5","0.1464655472306398"
"126.60000000000001","0.1464655472306398"
"126.7","0.1464655472306398"
"126.80000000000001","0.1464655472306398"
"126.9","0.1464655472306398"
"127.0","0.1464655472306398"
"127.10000000000001","0.1464655472306398"
"127.2","0.1464655472306398"
"127.30000000000001","0.1464655472306398"
"127.4","0.1464655472306398"
"127.5","0.1464655472306398"
"127.60000000000001","0.1464655472306398"
"127.7","0.1464655472306398"
"127.80000000000001","0.1464655472306398"
"127.9","0.1464655472306398"
"128.0","0.1464655472306398"
"128.1","0.1464655472306398"
"128.20000000000002","0.1464655472306398"
"128.3","0.1464655472306398"
"128.4","0.1464655472306398"
"128.5","0.1464655472306398"
"128.6","0.1464655472306398"
"128.70000000000002","0.1464655472306398"
"128.8","0.1464655472306398"
"128.9","0.1464655472306398"
"129.0","0.1464655472306398"
"129.1","0.1464655472306398"
"129.20000000000002","0.1464655472306398"
"129.3","0.1464655472306398"
"129.4","0.1464655472306398"
"129.5","0.1464655472306398"
"129.6","0.1464655472306398"
"129.70000000000002","0.1464655472306398"
"129.8","0.1464655472306398"
"129.9","0.1464655472306398"
"130.0","0.1464655472306398"
"130.1","0.1464655472306398"
"130.20000000000002","0.1464655472306398"
"130.3","0.1464655472306398"
"130.4","0.1464655472306398"
"130.5","0.1464655472306398"
"130.6","0.1464655472306398"
"130.70000000000002","0.1464655472306398"
"130.8","0.1464655472306398"
"130.9","0.1464655472306398"
"131.0","0.1464655472306398"
"131.1","0.1464655472306398"
"131.20000000000002","0.1464655472306398"
"131.3","0.1464655472306398"
"131.4","0.1464655472306398"
"131.5","0.1464655472306398"
"131.6","0.1464655472306398"
"131.70000000000002","0.1464655472306398"
"131.8","0.1464655472306398"
"131.9","0.1464655472306398"
"132.0","0.1464655472306398"
"132.1","0.1464655472306398"
"132.20000000000002","0.1464655472306398"
"132.3","0.1464655472306398"
"132.4","0.1464655472306398"
"132.5","0.1464655472306398"
"132.6","0.1464655472306398"
"132.70000000000002","0.1464655472306398"
"132.8","0.1464655472306398"
"132.9","0.1464655472306398"
"133.0","0.1464655472306398"
"133.1","0.1464655472306398"
"133.20000000000002","0.1464655472306398"
"133.3","0.1464655472306398"
"133.4","0.1464655472306398"
"133.5","0.1464655472306398"
"133.6","0.1464655472306398"
"133.70000000000002","0.1464655472306398"
"133.8","0.1464655472306398"
"133.9","0.1464655472306398"
"134.0","0.1464655472306398"
"134.1","0.1464655472306398"
"134.20000000000002","0.1464655472306398"
"134.3","0.1464655472306398"
"134.4","0.1464655472306398"
"134.5","0.1464655472306398"
"134.6","0.1464655472306398"
"134.70000000000002","0.1464655472306398"
"134.8","0.1464655472306398"
"134.9","0.1464655472306398"
"135.0","0.1464655472306398"
"135.1","0.1464655472306398"
"135.20000000000002","0.1464655472306398"
"135.3","0.1464655472306398"
"135.4","0.1464655472306398"
"135.5","0.1464655472306398"
"135.6","0.1464655472306398"
"135.70000000000002","0.1464655472306398"
"135.8","0.1464655472306398"
"135.9","0.1464655472306398"
"136.0","0.1464655472306398"
"136.1","0.1464655472306398"
"136.20000000000002","0.1464655472306398"
"136.3","0.1464655472306398"
"136.4","0.1464655472306398"
"136.5","0.1464655472306398"
"136.6","0.1464655472306398"
"136.70000000000002","0.1464655472306398"
"136.8","0.1464655472306398"
"136.9","0.1464655472306398"
"137.0","0.1464655472306398"
"137.1","0.1464655472306398"
"137.20000000000002","0.1464655472306398"
"137.3","0.1464655472306398"
"137.4","0.1464655472306398"
"137.5","0.1464655472306398"
"137.6","0.1464655472306398"
"137.70000000000002","0.1464655472306398"
"137.8","0.1464655472306398"
"137.9","0.1464655472306398"
"138.0","0.1464655472306398"
"138.1","0.1464655472306398"
"138.20000000000002","0.1464655472306398"
"138.3","0.1464655472306398"
"138.4","0.1464655472306398"
"138.5","0.1464655472306398"
"138.6","0.1464655472306398"
"138.70000000000002","0.1464655472306398"
"138.8","0.1464655472306398"
"138.9","0.1464655472306398"
"139.0","0.1464655472306398"
"139.1","0.1464655472306398"
"139.20000000000002","0.1464655472306398"
"139.3","0.1464655472306398"
"139.4","0.1464655472306398"
"139.5","0.1464655472306398"
"139.6","0.1464655472306398"
"139.70000000000002","0.1464655472306398"
"139.8","0.1464655472306398"
"139.9","0.1464655472306398"
"140.0","0.1464655472306398"
"140.1","0.1464655472306398"
"140.20000000000002","0.1464655472306398"
"140.3","0.1464655472306398"
"140.4","0.1464655472306398"
"140.5","0.1464655472306398"
"140.6","0.1464655472306398"
"140.70000000000002","0.1464655472306398"
"140.8","0.1464655472306398"
"140.9","0.1464655472306398"
"141.0","0.1464655472306398"
"141.1","0.1464655472306398"
"141.20000000000002","0.1464655472306398"
"141.3","0.1464655472306398"
"141.4","0.1464655472306398"
"141.5","0.1464655472306398"
"141.6","0.1464655472306398"
"141.70000000000002","0.1464655472306398"
"141.8","0.1464655472306398"
"141.9","0.1464655472306398"
"142.0","0.1464655472306398"
"142.1","0.1464655472306398"
"142.20000000000002","0.1464655472306398"
"142.3","0.1464655472306398"
"142.4","0.1464655472306398"
"142.5","0.1464655472306398"
"142.6","0.1464655472306398"
"142.70000000000002","0.1464655472306398"
"142.8","0.1464655472306398"
"142.9","0.1464655472306398"
"143.0","0.1464655472306398"
"143.1","0.1464655472306398"
"143.20000000000002","0.1464655472306398"
"143.3","0.1464655472306398"
"143.4","0.1464655472306398"
"143.5","0.1464655472306398"
"143.6","0.1464655472306398"
"143.70000000000002","0.1464655472306398"
"143.8","0.1464655472306398"
"143.9","0.1464655472306398"
"144.0","0.1464655472306398"
"144.1","0.1464655472306398"
"144.20000000000002","0.1464655472306398"
"144.3","0.1464655472306398"
"144.4","0.1464655472306398"
"144.5","0.1464655472306398"
"144.6","0.1464655472306398"
"144.70000000000002","0.1464655472306398"
"144.8","0.1464655472306398"
"144.9","0.1464655472306398"
"145.0","0.1464655472306398"
"145.1","0.1464655472306398"
"145.20000000000002","0.1464655472306398"
"145.3","0.1464655472306398"
"145.4","0.1464655472306398"
"145.5","0.1464655472306398"
"145.6","0.1464655472306398"
"145.70000000000002","0.1464655472306398"
"145.8","0.1464655472306398"
"145.9","0.1464655472306398"
"146.0","0.1464655472306398"
"146.1","0.1464655472306398"
"146.20000000000002","0.1464655472306398"
"146.3","0.1464655472306398"
"146.4","0.1464655472306398"
"146.5","0.1464655472306398"
"146.6","0.1464655472306398"
"146.70000000000002","0.1464655472306398"
"146.8","0.1464655472306398"
"146.9","0.1464655472306398"
"147.0","0.1464655472306398"
"147.1","0.1464655472306398"
"147.20000000000002","0.1464655472306398"
"147.3","0.1464655472306398"
"147.4","0.1464655472306398"
"147.5","0.1464655472306398"
"147.6","0.1464655472306398"
"147.70000000000002","0.1464655472306398"
"147.8","0.1464655472306398"
"147.9","0.1464655472306398"
"148.0","0.1464655472306398"
"148.1","0.1464655472306398"
"148.20000000000002","0.1464655472306398"
"148.3","0.1464655472306398"
"148.4","0.1464655472306398"
"148.5","0.1464655472306398"
"148.6","0.1464655472306398"
"148.70000000000002","0.1464655472306398"
"148.8","0.1464655472306398"
"148.9","0.1464655472306398"
"149.0","0.1464655472306398"
"149.1","0.1464655472306398"
"149.20000000000002","0.1464655472306398"
"149.3","0.1464655472306398"
"149.4","0.1464655472306398"
"149.5","0.1464655472306398"
"149.6","0.1464655472306398"
"149.70000000000002","0.1464655472306398"
"149.8","0.1464655472306398"
"149.9","0.1464655472306398"
"150.0","0.1464655472306398"
"150.1","0.1464655472306398"
"150.20000000000002","0.1464655472306398"
"150.3","0.1464655472306398"
"150.4","0.1464655472306398"
"150.5","0.1464655472306398"
"150.6","0.1464655472306398"
"150.70000000000002","0.1464655472306398"
"150.8","0.1464655472306398"
"150.9","0.1464655472306398"
"151.0","0.1464655472306398"
"151.1","0.1464655472306398"
"151.20000000000002","0.1464655472306398"
"151.3","0.1464655472306398"
"151.4","0.1464655472306398"
"151.5","0.1464655472306398"
"151.6","0.1464655472306398"
"151.70000000000002","0.1464655472306398"
"151.8","0.1464655472306398"
"151.9","0.1464655472306398"
"152.0","0.1464655472306398"
"152.1","0.1464655472306398"
"152.20000000000002","0.1464655472306398"
"152.3","0.1464655472306398"
"152.4","0.1464655472306398"
"152.5","0.1464655472306398"
"152.6","0.1464655472306398"
"152.70000000000002","0.1464655472306398"
"152.8","0.1464655472306398"
"152.9","0.1464655472306398"
"153.0","0.1464655472306398"
"153.1","0.1464655472306398"
"153.20000000000002","0.1464655472306398"
"153.3","0.1464655472306398"
"153.4","0.1464655472306398"
"153.5","0.1464655472306398"
"153.60000000000002","0.1464655472306398"
"153.70000000000002","0.1464655472306398"
"153.8","0.1464655472306398"
"153.9","0.1464655472306398"
"154.0","0.1464655472306398"
"154.10000000000002","0.1464655472306398"
"154.20000000000002","0.1464655472306398"
"154.3","0.1464655472306398"
"154.4","0.1464655472306398"
"154.5","0.1464655472306398"
"154.60000000000002","0.1464655472306398"
"154.70000000000002","0.1464655472306398"
"154.8","0.1464655472306398"
"154.9","0.1464655472306398"
"155.0","0.1464655472306398"
"155.10000000000002","0.1464655472306398"
"155.20000000000002","0.1464655472306398"
"155.3","0.1464655472306398"
"155.4","0.1464655472306398"
"155.5","0.1464655472306398"
"155.60000000000002","0.1464655472306398"
"155.70000000000002","0.1464655472306398"
"155.8","0.1464655472306398"
"155.9","0.1464655472306398"
"156.0","0.1464655472306398"
"156.10000000000002","0.1464655472306398"
"156.20000000000002","0.1464655472306398"
"156.3","0.1464655472306398"
"156.4","0.1464655472306398"
"156.5","0.1464655472306398"
"156.60000000000002","0.1464655472306398"
"156.70000000000002","0.1464655472306398"
"156.8","0.1464655472306398"
"156.9","0.1464655472306398"
"157.0","0.1464655472306398"
"157.10000000000002","0.1464655472306398"
"157.20000000000002","0.1464655472306398"
"157.3","0.1464655472306398"
"157.4","0.1464655472306398"
"157.5","0.1464655472306398"
"157.60000000000002","0.1464655472306398"
"157.70000000000002","0.1464655472306398"
"157.8","0.1464655472306398"
"157.9","0.1464655472306398"
"158.0","0.1464655472306398"
"158.10000000000002","0.1464655472306398"
"158.20000000000002","0.1464655472306398"
"158.3","0.1464655472306398"
"158.4","0.1464655472306398"
"158.5","0.1464655472306398"
"158.60000000000002","0.1464655472306398"
"158.70000000000002","0.1464655472306398"
"158.8","0.1464655472306398"
"158.9","0.1464655472306398"
"159.0","0.1464655472306398"
"159.10000000000002","0.1464655472306398"
"159.20000000000002","0.1464655472306398"
"159.3","0.1464655472306398"
"159.4","0.1464655472306398"
"159.5","0.1464655472306398"
"159.60000000000002","0.1464655472306398"
"159.70000000000002","0.1464655472306398"
"159.8","0.1464655472306398"
"159.9","0.1464655472306398"
"160.0","0.1464655472306398"
"160.10000000000002","0.1464655472306398"
"160.20000000000002","0.1464655472306398"
"160.3","0.1464655472306398"
"160.4","0.1464655472306398"
"160.5","0.1464655472306398"
"160.60000000000002","0.1464655472306398"
"160.70000000000002","0.1464655472306398"
"160.8","0.1464655472306398"
"160.9","0.1464655472306398"
"161.0","0.1464655472306398"
"161.10000000000002","0.1464655472306398"
"161.20000000000002","0.1464655472306398"
"161.3","0.1464655472306398"
"161.4","0.1464655472306398"
"161.5","0.1464655472306398"
"161.60000000000002","0.1464655472306398"
"161.70000000000002","0.1464655472306398"
"161.8","0.1464655472306398"
"161.9","0.1464655472306398"
"162.0","0.1464655472306398"
"162.10000000000002","0.1464655472306398"
"162.20000000000002","0.1464655472306398"
"162.3","0.1464655472306398"
"162.4","0.1464655472306398"
"162.5","0.1464655472306398"
"162.60000000000002","0.1464655472306398"
"162.70000000000002","0.1464655472306398"
"162.8","0.1464655472306398"
"162.9","0.1464655472306398"
"163.0","0.1464655472306398"
"163.10000000000002","0.1464655472306398"
"163.20000000000002","0.1464655472306398"
"163.3","0.1464655472306398"
"163.4","0.1464655472306398"
"163.5","0.1464655472306398"
"163.60000000000002","0.1464655472306398"
"163.70000000000002","0.1464655472306398"
"163.8","0.1464655472306398"
"163.9","0.1464655472306398"
"164.0","0.1464655472306398"
"164.10000000000002","0.1464655472306398"
"164.20000000000002","0.1464655472306398"
"164.3","0.1464655472306398"
"164.4","0.1464655472306398"
"164.5","0.1464655472306398"
"164.60000000000002","0.1464655472306398"
"164.70000000000002","0.1464655472306398"
"164.8","0.1464655472306398"
"164.9","0.1464655472306398"
"165.0","0.1464655472306398"
"165.10000000000002","0.1464655472306398"
"165.20000000000002","0.1464655472306398"
"165.3","0.1464655472306398"
"165.4","0.1464655472306398"
"165.5","0.1464655472306398"
"165.60000000000002","0.1464655472306398"
"165.70000000000002","0.1464655472306398"
"165.8","0.1464655472306398"
"165.9","0.1464655472306398"
"166.0","0.1464655472306398"
"166.10000000000002","0.1464655472306398"
"166.20000000000002","0.1464655472306398"
"166.3","0.1464655472306398"
"166.4","0.1464655472306398"
"166.5","0.1464655472306398"
"166.60000000000002","0.1464655472306398"
"166.70000000000002","0.1464655472306398"
"166.8","0.1464655472306398"
"166.9","0.1464655472306398"
"167.0","0.1464655472306398"
"167.10000000000002","0.1464655472306398"
"167.20000000000002","0.1464655472306398"
"167.3","0.1464655472306398"
"167.4","0.1464655472306398"
"167.5","0.1464655472306398"
"167.60000000000002","0.1464655472306398"
"167.70000000000002","0.1464655472306398"
"167.8","0.1464655472306398"
"167.9","0.1464655472306398"
"168.0","0.1464655472306398"
"168.10000000000002","0.1464655472306398"
"168.20000000000002","0.1464655472306398"
"168.3","0.1464655472306398"
"168.4","0.1464655472306398"
"168.5","0.1464655472306398"
"168.60000000000002","0.1464655472306398"
"168.70000000000002","0.1464655472306398"
"168.8","0.1464655472306398"
"168.9","0.1464655472306398"
"169.0","0.1464655472306398"
"169.10000000000002","0.1464655472306398"
"169.20000000000002","0.1464655472306398"
"169.3","0.1464655472306398"
"169.4","0.1464655472306398"
"169.5","0.1464655472306398"
"169.60000000000002","0.1464655472306398"
"169.70000000000002","0.1464655472306398"
"169.8","0.1464655472306398"
"169.9","0.1464655472306398"
"170.0","0.1464655472306398"
"170.10000000000002","0.1464655472306398"
"170.20000000000002","0.1464655472306398"
"170.3","0.1464655472306398"
"170.4","0.1464655472306398"
"170.5","0.1464655472306398"
"170.60000000000002","0.1464655472306398"
"170.70000000000002","0.1464655472306398"
"170.8","0.1464655472306398"
"170.9","0.1464655472306398"
"171.0","0.1464655472306398"
"171.10000000000002","0.1464655472306398"
"171.20000000000002","0.1464655472306398"
"171.3","0.1464655472306398"
"171.4","0.1464655472306398"
"171.5","0.1464655472306398"
"171.60000000000002","0.1464655472306398"
"171.70000000000002","0.1464655472306398"
"171.8","0.1464655472306398"
"171.9","0.1464655472306398"
"172.0","0.1464655472306398"
"172.10000000000002","0.1464655472306398"
"172.20000000000002","0.1464655472306398"
"172.3","0.1464655472306398"
"172.4","0.1464655472306398"
"172.5","0.1464655472306398"
"172.60000000000002","0.1464655472306398"
"172.70000000000002","0.1464655472306398"
"172.8","0.1464655472306398"
"172.9","0.1464655472306398"
"173.0","0.1464655472306398"
"173.10000000000002","0.1464655472306398"
"173.20000000000002","0.1464655472306398"
"173.3","0.1464655472306398"
"173.4","0.1464655472306398"
"173.5","0.1464655472306398"
"173.60000000000002","0.1464655472306398"
"173.70000000000002","0.1464655472306398"
"173.8","0.1464655472306398"
"173.9","0.1464655472306398"
"174.0","0.1464655472306398"
"174.10000000000002","0.1464655472306398"
"174.20000000000002","0.1464655472306398"
"174.3","0.1464655472306398"
"174.4","0.1464655472306398"
"174.5","0.1464655472306398"
"174.60000000000002","0.1464655472306398"
"174.70000000000002","0.1464655472306398"
"174.8","0.1464655472306398"
"174.9","0.1464655472306398"
"175.0","0.1464655472306398"
"175.10000000000002","0.1464655472306398"
"175.20000000000002","0.1464655472306398"
"175.3","0.1464655472306398"
"175.4","0.1464655472306398"
"175.5","0.1464655472306398"
"175.60000000000002","0.1464655472306398"
"175.70000000000002","0.1464655472306398"
"175.8","0.1464655472306398"
"175.9","0.1464655472306398"
"176.0","0.1464655472306398"
"176.10000000000002","0.1464655472306398"
"176.20000000000002","0.1464655472306398"
"176.3","0.1464655472306398"
"176.4","0.1464655472306398"
"176.5","0.1464655472306398"
"176.60000000000002","0.1464655472306398"
"176.70000000000002","0.1464655472306398"
"176.8","0.1464655472306398"
"176.9","0.1464655472306398"
"177.0","0.1464655472306398"
"177.10000000000002","0.1464655472306398"
"177.20000000000002","0.1464655472306398"
"177.3","0.1464655472306398"
"177.4","0.1464655472306398"
"177.5","0.1464655472306398"
"177.60000000000002","0.1464655472306398"
"177.70000000000002","0.1464655472306398"
"177.8","0.1464655472306398"
"177.9","0.1464655472306398"
"178.0","0.1464655472306398"
"178.10000000000002","0.1464655472306398"
"178.20000000000002","0.1464655472306398"
"178.3","0.1464655472306398"
"178.4","0.1464655472306398"
"178.5","0.1464655472306398"
"178.60000000000002","0.1464655472306398"
"178.70000000000002","0.1464655472306398"
"178.8","0.1464655472306398"
"178.9","0.1464655472306398"
"179.0","0.1464655472306398"
"179.10000000000002","0.1464655472306398"
"179.20000000000002","0.1464655472306398"
"179.3","0.1464655472306398"
"179.4","0.1464655472306398"
"179.5","0.1464655472306398"
"179.60000000000002","0.1464655472306398"
"179.70000000000002","0.1464655472306398"
"179.8","0.1464655472306398"
"179.9","0.1464655472306398"
"180.0","0.1464655472306398"
"180.10000000000002","0.1464655472306398"
"180.20000000000002","0.1464655472306398"
"180.3","0.1464655472306398"
"180.4","0.1464655472306398"
"180.5","0.1464655472306398"
"180.60000000000002","0.1464655472306398"
"180.70000000000002","0.1464655472306398"
"180.8","0.1464655472306398"
"180.9","0.1464655472306398"
"181.0","0.1464655472306398"
"181.10000000000002","0.1464655472306398"
"181.20000000000002","0.1464655472306398"
"181.3","0.1464655472306398"
"181.4","0.1464655472306398"
"181.5","0.1464655472306398"
"181.60000000000002","0.1464655472306398"
"181.70000000000002","0.1464655472306398"
"181.8","0.1464655472306398"
"181.9","0.1464655472306398"
"182.0","0.1464655472306398"
"182.10000000000002","0.1464655472306398"
"182.20000000000002","0.1464655472306398"
"182.3","0.1464655472306398"
"182.4","0.1464655472306398"
"182.5","0.1464655472306398"
"182.60000000000002","0.1464655472306398"
"182.70000000000002","0.1464655472306398"
"182.8","0.1464655472306398"
"182.9","0.1464655472306398"
"183.0","0.1464655472306398"
"183.10000000000002","0.1464655472306398"
"183.20000000000002","0.1464655472306398"
"183.3","0.1464655472306398"
"183.4","0.1464655472306398"
"183.5","0.1464655472306398"
"183.60000000000002","0.1464655472306398"
"183.70000000000002","0.1464655472306398"
"183.8","0.1464655472306398"
"183.9","0.1464655472306398"
"184.0","0.1464655472306398"
"184.10000000000002","0.1464655472306398"
"184.20000000000002","0.1464655472306398"
"184.3","0.1464655472306398"
"184.4","0.1464655472306398"
"184.5","0.1464655472306398"
"184.60000000000002","0.1464655472306398"
"184.70000000000002","0.1464655472306398"
"184.8","0.1464655472306398"
"184.9","0.1464655472306398"
"185.0","0.1464655472306398"
"185.10000000000002","0.1464655472306398"
"185.20000000000002","0.1464655472306398"
"185.3","0.1464655472306398"
"185.4","0.1464655472306398"
"185.5","0.1464655472306398"
"185.60000000000002","0.1464655472306398"
"185.70000000000002","0.1464655472306398"
"185.8","0.1464655472306398"
"185.9","0.1464655472306398"
"186.0","0.1464655472306398"
"186.10000000000002","0.1464655472306398"
"186.20000000000002","0.1464655472306398"
"186.3","0.1464655472306398"
"186.4","0.1464655472306398"
"186.5","0.1464655472306398"
"186.60000000000002","0.1464655472306398"
"186.70000000000002","0.1464655472306398"
"186.8","0.1464655472306398"
"186.9","0.1464655472306398"
"187.0","0.1464655472306398"
"187.10000000000002","0.1464655472306398"
"187.20000000000002","0.1464655472306398"
"187.3","0.1464655472306398"
"187.4","0.1464655472306398"
"187.5","0.1464655472306398"
"187.60000000000002","0.1464655472306398"
"187.70000000000002","0.1464655472306398"
"187.8","0.1464655472306398"
"187.9","0.1464655472306398"
"188.0","0.1464655472306398"
"188.10000000000002","0.1464655472306398"
"188.20000000000002","0.1464655472306398"
"188.3","0.1464655472306398"
"188.4","0.1464655472306398"
"188.5","0.1464655472306398"
"188.60000000000002","0.1464655472306398"
"188.70000000000002","0.1464655472306398"
"188.8","0.1464655472306398"
"188.9","0.1464655472306398"
"189.0","0.1464655472306398"
"189.10000000000002","0.1464655472306398"
"189.20000000000002","0.1464655472306398"
"189.3","0.1464655472306398"
"189.4","0.1464655472306398"
"189.5","0.1464655472306398"
"189.60000000000002","0.1464655472306398"
"189.70000000000002","0.1464655472306398"
"189.8","0.1464655472306398"
"189.9","0.1464655472306398"
"190.0","0.1464655472306398"
"190.10000000000002","0.1464655472306398"
"190.20000000000002","0.1464655472306398"
"190.3","0.1464655472306398"
"190.4","0.1464655472306398"
"190.5","0.1464655472306398"
"190.60000000000002","0.1464655472306398"
"190.70000000000002","0.1464655472306398"
"190.8","0.1464655472306398"
"190.9","0.1464655472306398"
"191.0","0.1464655472306398"
"191.10000000000002","0.1464655472306398"
"191.20000000000002","0.1464655472306398"
"191.3","0.1464655472306398"
"191.4","0.1464655472306398"
"191.5","0.1464655472306398"
"191.60000000000002","0.1464655472306398"
"191.70000000000002","0.1464655472306398"
"191.8","0.1464655472306398"
"191.9","0.1464655472306398"
"192.0","0.1464655472306398"
"192.10000000000002","0.1464655472306398"
"192.20000000000002","0.1464655472306398"
"192.3","0.1464655472306398"
"192.4","0.1464655472306398"
"192.5","0.1464655472306398"
"192.60000000000002","0.1464655472306398"
"192.70000000000002","0.1464655472306398"
"192.8","0.1464655472306398"
"192.9","0.1464655472306398"
"193.0","0.1464655472306398"
"193.10000000000002","0.1464655472306398"
"193.20000000000002","0.1464655472306398"
"193.3","0.1464655472306398"
"193.4","0.1464655472306398"
"193.5","0.1464655472306398"
"193.60000000000002","0.1464655472306398"
"193.70000000000002","0.1464655472306398"
"193.8","0.1464655472306398"
"193.9","0.1464655472306398"
"194.0","0.1464655472306398"
"194.10000000000002","0.1464655472306398"
"194.20000000000002","0.1464655472306398"
"194.3","0.1464655472306398"
"194.4","0.1464655472306398"
"194.5","0.1464655472306398"
"194.60000000000002","0.1464655472306398"
"194.70000000000002","0.1464655472306398"
"194.8","0.1464655472306398"
"194.9","0.1464655472306398"
"195.0","0.1464655472306398"
"195.10000000000002","0.1464655472306398"
"195.20000000000002","0.1464655472306398"
"195.3","0.1464655472306398"
"195.4","0.1464655472306398"
"195.5","0.1464655472306398"
"195.60000000000002","0.1464655472306398"
"195.70000000000002","0.1464655472306398"
"195.8","0.1464655472306398"
"195.9","0.1464655472306398"
"196.0","0.1464655472306398"
"196.10000000000002","0.1464655472306398"
"196.20000000000002","0.1464655472306398"
"196.3","0.1464655472306398"
"196.4","0.1464655472306398"
"196.5","0.1464655472306398"
"196.60000000000002","0.1464655472306398"
"196.70000000000002","0.1464655472306398"
"196.8","0.1464655472306398"
"196.9","0.1464655472306398"
"197.0","0.1464655472306398"
"197.10000000000002","0.1464655472306398"
"197.20000000000002","0.1464655472306398"
"197.3","0.1464655472306398"
"197.4","0.1464655472306398"
"197.5","0.1464655472306398"
"197.60000000000002","0.1464655472306398"
"197.70000000000002","0.1464655472306398"
"197.8","0.1464655472306398"
"197.9","0.1464655472306398"
"198.0","0.1464655472306398"
"198.10000000000002","0.1464655472306398"
"198.20000000000002","0.1464655472306398"
"198.3","0.1464655472306398"
"198.4","0.1464655472306398"
"198.5","0.1464655472306398"
"198.60000000000002","0.1464655472306398"
"198.70000000000002","0.1464655472306398"
"198.8","0.1464655472306398"
"198.9","0.1464655472306398"
"199.0","0.1464655472306398"
"199.10000000000002","0.1464655472306398"
"199.20000000000002","0.1464655472306398"
"199.3","0.1464655472306398"
"199.4","0.1464655472306398"
"199.5","0.1464655472306398"
"199.60000000000002","0.1464655472306398"
"199.70000000000002","0.1464655472306398"
"199.8","0.1464655472306398"
"199.9","0.1464655472306398"
"200.0","0.1464655472306398"
