"","{#status->#I}"
"0.0","0.003"
"0.1","0.003312364322749012"
"0.2","0.003656861867627206"
"0.30000000000000004","0.004036712649018672"
"0.4","0.00445544062634754"
"0.5","0.00491689827029803"
"0.6000000000000001","0.00542529217934849"
"0.7000000000000001","0.0059852095537315485"
"0.8","0.00660164525846515"
"0.9","0.007280029115315274"
"1.0","0.008026252953052598"
"1.1","0.008846696813684787"
"1.2000000000000002","0.009748253557062048"
"1.3","0.01073835092516183"
"1.4000000000000001","0.011824969918711391"
"1.5","0.01301665810163982"
"1.6","0.014322536183411774"
"1.7000000000000002","0.01575229593759443"
"1.8","0.017316187201502773"
"1.9000000000000001","0.01902499137418054"
"2.0","0.020889978500248867"
"2.1","0.022922844712511093"
"2.2","0.025135626530228248"
"2.3000000000000003","0.02754058830366855"
"2.4000000000000004","0.030150078998094926"
"2.5","0.032976354569586086"
"2.6","0.03603136245700552"
"2.7","0.03932648526179722"
"2.8000000000000003","0.04287224157658975"
"2.9000000000000004","0.046677943220097225"
"3.0","0.05075130989626153"
"3.1","0.05509804455839792"
"3.2","0.05972137553214987"
"3.3000000000000003","0.06462157469764394"
"3.4000000000000004","0.06979546465561993"
"3.5","0.075235931636751"
"3.6","0.08093146470959932"
"3.7","0.08686574527131004"
"3.8000000000000003","0.09301731346676939"
"3.9000000000000004","0.0993593396327195"
"4.0","0.10585952865703918"
"4.1000000000000005","0.1124801828886536"
"4.2","0.11917844466128617"
"4.3","0.12590673252717055"
"4.4","0.13261337610812282"
"4.5","0.1392434435192899"
"4.6000000000000005","0.1457397433458539"
"4.7","0.1520439711289831"
"4.800000000000001","0.15809795935706092"
"4.9","0.1638449811811108"
"5.0","0.16923105245527076"
"5.1000000000000005","0.17420617493348192"
"5.2","0.17872546582594484"
"5.300000000000001","0.18275012527850248"
"5.4","0.1862482030962363"
"5.5","0.189195138247269"
"5.6000000000000005","0.19157405819012596"
"5.7","0.19337583863941185"
"5.800000000000001","0.19459893688183771"
"5.9","0.1952490222575618"
"6.0","0.19533843531054845"
"6.1000000000000005","0.19488551209730476"
"6.2","0.1939138122499668"
"6.300000000000001","0.19245128889906124"
"6.4","0.1905294359357615"
"6.5","0.18818244389271432"
"6.6000000000000005","0.18544639052672585"
"6.7","0.18235848653531148"
"6.800000000000001","0.17895639118955922"
"6.9","0.17527760737076473"
"7.0","0.17135896080113344"
"7.1000000000000005","0.1672361643006528"
"7.2","0.16294346473749177"
"7.300000000000001","0.1585133679551103"
"7.4","0.15397643529523358"
"7.5","0.14936114430212"
"7.6000000000000005","0.14469380568595036"
"7.7","0.13999852853477887"
"7.800000000000001","0.13529722599382557"
"7.9","0.13060965408702657"
"8.0","0.12595347696098327"
"8.1","0.12134435252212351"
"8.200000000000001","0.11679603316397745"
"8.3","0.11232047700533253"
"8.4","0.10792796575473712"
"8.5","0.10362722596435008"
"8.6","0.09942555102560481"
"8.700000000000001","0.09532892178519888"
"8.8","0.09134212412126418"
"8.9","0.0874688622178595"
"9.0","0.08371186661475323"
"9.1","0.08007299639363011"
"9.200000000000001","0.07655333509679609"
"9.3","0.07315328016582144"
"9.4","0.06987262584092717"
"9.5","0.06671063958258301"
"9.600000000000001","0.06366613216965081"
"9.700000000000001","0.06073752169791456"
"9.8","0.057922891752945044"
"9.9","0.05522004406541978"
"10.0","0.052626545978265986"
"10.100000000000001","0.05013977306589092"
"10.200000000000001","0.04775694724849552"
"10.3","0.045475170740868306"
"10.4","0.04329145616665603"
"10.5","0.04120275315716342"
"10.600000000000001","0.03920597173927796"
"10.700000000000001","0.037298002800977684"
"10.8","0.03547573590572769"
"10.9","0.03373607470943071"
"11.0","0.03207595021587898"
"11.100000000000001","0.03049233208917325"
"11.200000000000001","0.028982238224564947"
"11.3","0.027542742762811344"
"11.4","0.026170982717529427"
"11.5","0.024864163370270916"
"11.600000000000001","0.023619562574162846"
"11.700000000000001","0.02243453409398532"
"11.8","0.021306510098489478"
"11.9","0.020233002909579564"
"12.0","0.019211606102665882"
"12.100000000000001","0.018239995043006708"
"12.200000000000001","0.01731592693415623"
"12.3","0.01643724044667912"
"12.4","0.01560185498803505"
"12.5","0.014807769667932444"
"12.600000000000001","0.01405306200745398"
"12.700000000000001","0.013335886434822357"
"12.8","0.012654472605760228"
"12.9","0.012007123581961411"
"13.0","0.01139221389719222"
"13.100000000000001","0.010808187536945074"
"13.200000000000001","0.010253555854336098"
"13.3","0.009726895442042298"
"13.4","0.009226845977481392"
"13.5","0.0087521080561207"
"13.600000000000001","0.008301441025734893"
"13.700000000000001","0.007873660832591825"
"13.8","0.007467637888909644"
"13.9","0.0070822949694766"
"14.0","0.006716605144039371"
"14.100000000000001","0.006369589750929638"
"14.200000000000001","0.00604031641639673"
"14.3","0.005727897123232927"
"14.4","0.0054314863315046555"
"14.5","0.005150279153526185"
"14.600000000000001","0.004883509584622238"
"14.700000000000001","0.00463044879071284"
"14.8","0.0043904034533093755"
"14.9","0.00416271417212778"
"15.0","0.003946753925196058"
"15.100000000000001","0.0037419265860529206"
"15.200000000000001","0.0035476654973967334"
"15.3","0.0033634321003441913"
"15.4","0.0031887146182917924"
"15.5","0.0030230267942362842"
"15.600000000000001","0.002865906680299245"
"15.700000000000001","0.002716915478112678"
"15.8","0.002575636428654081"
"15.9","0.0024416737500683777"
"16.0","0.0023146516219781214"
"16.1","0.002194213214760469"
"16.2","0.002080019762257803"
"16.3","0.001971749676386977"
"16.400000000000002","0.0018690977021185258"
"16.5","0.0017717741113106322"
"16.6","0.0016795039339020138"
"16.7","0.0015920262249922634"
"16.8","0.001509093366366655"
"16.900000000000002","0.0014304704010542875"
"17.0","0.0013559343995429884"
"17.1","0.0012852738563111075"
"17.2","0.0012182881153746336"
"17.3","0.0011547868235875795"
"17.400000000000002","0.001094589410473888"
"17.5","0.0010375245934098947"
"17.6","0.0009834299070173602"
"17.7","0.0009321512556680078"
"17.8","0.0008835424880411704"
"17.900000000000002","0.0008374649927163796"
"18.0","0.0007937873138223807"
"18.1","0.0007523847858030045"
"18.2","0.000713139186398466"
"18.3","0.0006759384069779154"
"18.400000000000002","0.0006406761393953674"
"18.5","0.0006072515785764374"
"18.6","0.0005755691400775692"
"18.7","0.0005455381918926321"
"18.8","0.0005170727998138755"
"18.900000000000002","0.0004900914856852393"
"19.0","0.0004645169979159419"
"19.1","0.0004402760936510946"
"19.200000000000003","0.0004172993320238369"
"19.3","0.00039552087794016675"
"19.400000000000002","0.00037487831587326774"
"19.5","0.00035531247316873167"
"19.6","0.00033676725238566323"
"19.700000000000003","0.0003191894722212613"
"19.8","0.0003025287165881161"
"19.900000000000002","0.00028673719143418444"
"20.0","0.00027176958891521796"
"20.1","0.00025758295854836586"
"20.200000000000003","0.00024413658499377342"
"20.3","0.00023139187212828293"
"20.400000000000002","0.00021931223309184516"
"20.5","0.00020786298600299427"
"20.6","0.00019701125505475575"
"20.700000000000003","0.0001867258767166764"
"20.8","0.0001769773107823123"
"20.900000000000002","0.00016773755601451443"
"21.0","0.0001589800701532375"
"21.1","0.0001506796940623936"
"21.200000000000003","0.0001428125798035005"
"21.3","0.00013535612243456183"
"21.400000000000002","0.00012828889534278746"
"21.5","0.00012159058892943513"
"21.6","0.00011524195247425859"
"21.700000000000003","0.00010922473901579699"
"21.8","0.00010352165309206071"
"21.900000000000002","9.811630119407845e-5"
"22.0","9.299314479228693e-5"
"22.1","8.813745580288926e-5"
"22.200000000000003","8.353527436809525e-5"
"22.3","7.917336883060592e-5"
"22.400000000000002","7.503919778883044e-5"
"22.5","7.11208741251417e-5"
"22.6","6.74071309050026e-5"
"22.700000000000003","6.388728905004187e-5"
"22.8","6.0551226693140656e-5"
"22.900000000000002","5.738935012832077e-5"
"23.0","5.4392566272715626e-5"
"23.1","5.1552256562167396e-5"
"23.200000000000003","4.8860252206039076e-5"
"23.3","4.6308810730669784e-5"
"23.400000000000002","4.389059374454544e-5"
"23.5","4.159864586171435e-5"
"23.6","3.94263747232583e-5"
"23.700000000000003","3.736753205974283e-5"
"23.8","3.5416195740523685e-5"
"23.900000000000002","3.3566752758588586e-5"
"24.0","3.1813883102271636e-5"
"24.1","3.0152544467699217e-5"
"24.200000000000003","2.8577957768218265e-5"
"24.3","2.70855933993265e-5"
"24.400000000000002","2.5671158219776157e-5"
"24.5","2.433058321156387e-5"
"24.6","2.3060011783454952e-5"
"24.700000000000003","2.1855788684526223e-5"
"24.8","2.071444949595251e-5"
"24.900000000000002","1.9632710670912954e-5"
"25.0","1.860746009405893e-5"
"25.1","1.7635748133470013e-5"
"25.200000000000003","1.671477915943224e-5"
"25.3","1.5841903505707855e-5"
"25.400000000000002","1.5014609850231386e-5"
"25.5","1.4230517993367137e-5"
"25.6","1.348737201300099e-5"
"25.700000000000003","1.2783033776818403e-5"
"25.8","1.2115476793143304e-5"
"25.900000000000002","1.1482780382682442e-5"
"26.0","1.0883124154439194e-5"
"26.1","1.0314782769932523e-5"
"26.200000000000003","9.776120980683214e-6"
"26.3","9.265588924712926e-6"
"26.400000000000002","8.781717668544405e-6"
"26.5","8.32311498189526e-6"
"26.6","7.888461332925272e-6"
"26.700000000000003","7.476506092529891e-6"
"26.8","7.0860639367725434e-6"
"26.900000000000002","6.7160114371169325e-6"
"27.0","6.365283828659596e-6"
"27.1","6.032871947073956e-6"
"27.200000000000003","5.7178193254614824e-6"
"27.3","5.419219442764745e-6"
"27.400000000000002","5.13621311583237e-6"
"27.5","4.867986027638483e-6"
"27.6","4.613766384550303e-6"
"27.700000000000003","4.372822695908246e-6"
"27.8","4.144461669534304e-6"
"27.900000000000002","3.928026217117479e-6"
"28.0","3.722893563740844e-6"
"28.1","3.528473456113976e-6"
"28.200000000000003","3.344206464358227e-6"
"28.3","3.1695623724611154e-6"
"28.400000000000002","3.0040386527709914e-6"
"28.5","2.8471590201446855e-6"
"28.6","2.6984720615898024e-6"
"28.700000000000003","2.557549937460344e-6"
"28.8","2.423987150470048e-6"
"28.900000000000002","2.2973993789828016e-6"
"29.0","2.1774223712242834e-6"
"29.1","2.0637108972341507e-6"
"29.200000000000003","1.9559377555441183e-6"
"29.3","1.853792831724619e-6"
"29.400000000000002","1.7569822060919057e-6"
"29.5","1.665227308008806e-6"
"29.6","1.578264114346345e-6"
"29.700000000000003","1.4958423898004411e-6"
"29.8","1.417724966878258e-6"
"29.900000000000002","1.3436870634828845e-6"
"30.0","1.2735156361331484e-6"
"30.1","1.2070087669578667e-6"
"30.200000000000003","1.143975082700972e-6"
"30.3","1.0842332040660363e-6"
"30.400000000000002","1.02761122381597e-6"
"30.5","9.739462121263966e-7"
"30.6","9.230837477695923e-7"
"30.700000000000003","8.748774737801803e-7"
"30.8","8.291886763242026e-7"
"30.900000000000002","7.858858855599305e-7"
"31.0","7.448444973420424e-7"
"31.1","7.059464146807599e-7"
"31.200000000000003","6.690797079243598e-7"
"31.3","6.341382926873467e-7"
"31.400000000000002","6.010216245976199e-7"
"31.5","5.696344099843573e-7"
"31.6","5.398863316741963e-7"
"31.700000000000003","5.116917891067596e-7"
"31.8","4.8496965202177e-7"
"31.900000000000002","4.5964302700904237e-7"
"32.0","4.3563903624965084e-7"
"32.1","4.128886078116404e-7"
"32.2","3.913262768968989e-7"
"32.300000000000004","3.708899974673113e-7"
"32.4","3.5152096370818054e-7"
"32.5","3.331634408152041e-7"
"32.6","3.157646046181189e-7"
"32.7","2.992743895795541e-7"
"32.800000000000004","2.8364534473172617e-7"
"32.9","2.6883249713645236e-7"
"33.0","2.547932224756023e-7"
"33.1","2.4148712239962587e-7"
"33.2","2.2887590828123882e-7"
"33.300000000000004","2.1692329103977795e-7"
"33.4","2.0559487671920406e-7"
"33.5","1.9485806751928677e-7"
"33.6","1.84681967995195e-7"
"33.7","1.7503729615558888e-7"
"33.800000000000004","1.6589629920340283e-7"
"33.9","1.572326736768689e-7"
"34.0","1.4902148976099004e-7"
"34.1","1.4123911955167305e-7"
"34.2","1.3386316906610437e-7"
"34.300000000000004","1.2687241380373126e-7"
"34.4","1.2024673767242696e-7"
"34.5","1.1396707510410246e-7"
"34.6","1.0801535619320346e-7"
"34.7","1.0237445470023038e-7"
"34.800000000000004","9.702813877066254e-8"
"34.9","9.196102422748121e-8"
"35.0","8.715853030289143e-8"
"35.1","8.260683768186139e-8"
"35.2","7.829284873675004e-8"
"35.300000000000004","7.420414983859863e-8"
"35.4","7.03289756366369e-8"
"35.5","6.665617520321854e-8"
"35.6","6.317517994676837e-8"
"35.7","5.987597320041017e-8"
"35.800000000000004","5.6749061398766995e-8"
"35.9","5.3785446759994923e-8"
"36.0","5.097660139444271e-8"
"36.1","4.83144427654349e-8"
"36.2","4.579131043156671e-8"
"36.300000000000004","4.3399944003586364e-8"
"36.4","4.113346225243569e-8"
"36.5","3.8985343308332124e-8"
"36.6","3.6949405893914794e-8"
"36.7","3.501979153745276e-8"
"36.800000000000004","3.3190947714933754e-8"
"36.9","3.145761187252455e-8"
"37.0","2.9814796283427276e-8"
"37.1","2.8257773695557107e-8"
"37.2","2.6782063728742253e-8"
"37.300000000000004","2.538341998230397e-8"
"37.4","2.405781781591841e-8"
"37.5","2.280144276859949e-8"
"37.6","2.161067958247821e-8"
"37.7","2.048210179979414e-8"
"37.800000000000004","1.9412461903164107e-8"
"37.9","1.8398681970756617e-8"
"38.0","1.7437844819481997e-8"
"38.1","1.652718561071261e-8"
"38.2","1.5664083894378414e-8"
"38.300000000000004","1.4846056068544547e-8"
"38.400000000000006","1.4070748232773233e-8"
"38.5","1.3335929414705336e-8"
"38.6","1.2639485150370923e-8"
"38.7","1.1979411399756003e-8"
"38.800000000000004","1.1353808780117336e-8"
"38.900000000000006","1.0760877100451525e-8"
"39.0","1.0198910181391191e-8"
"39.1","9.666290945622338e-9"
"39.2","9.161486764695475e-9"
"39.300000000000004","8.683045048840772e-9"
"39.400000000000006","8.229589067096899e-9"
"39.5","7.799813985725782e-9"
"39.6","7.392483113513742e-9"
"39.7","7.0064243431547814e-9"
"39.800000000000004","6.640526778475959e-9"
"39.900000000000006","6.293737537799632e-9"
"40.0","5.965058724244136e-9"
"40.1","5.653544554244869e-9"
"40.2","5.358298636032998e-9"
"40.300000000000004","5.078471390240554e-9"
"40.400000000000006","4.813257605209612e-9"
"40.5","4.5618941199709085e-9"
"40.6","4.323657628224582e-9"
"40.7","4.097862597003934e-9"
"40.800000000000004","3.88385929403311e-9"
"40.900000000000006","3.6810319181023537e-9"
"41.0","3.4887968270809424e-9"
"41.1","3.306600858468852e-9"
"41.2","3.133919737654496e-9"
"41.300000000000004","2.970256569298245e-9"
"41.400000000000006","2.8151404075006463e-9"
"41.5","2.668124900640949e-9"
"41.6","2.52878700698643e-9"
"41.7","2.3967257773766323e-9"
"41.800000000000004","2.27156120147967e-9"
"41.900000000000006","2.152933114300653e-9"
"42.0","2.040500159795683e-9"
"42.1","1.9339388086091917e-9"
"42.2","1.8329424271081205e-9"
"42.300000000000004","1.7372203950340694e-9"
"42.400000000000006","1.6464972692344267e-9"
"42.5","1.560511991066091e-9"
"42.6","1.4790171351910676e-9"
"42.7","1.4017781976023222e-9"
"42.800000000000004","1.3285729208311663e-9"
"42.900000000000006","1.2591906543944389e-9"
"43.0","1.1934317486411497e-9"
"43.1","1.131106980254359e-9"
"43.2","1.0720370077551599e-9"
"43.300000000000004","1.0160518554419553e-9"
"43.400000000000006","9.62990424280054e-10"
"43.5","9.127000283341512e-10"
"43.6","8.650359554097651e-10"
"43.7","8.198610506393621e-10"
"43.800000000000004","7.77045321814926e-10"
"43.900000000000006","7.364655653313043e-10"
"44.0","6.98005011663971e-10"
"44.1","6.615529893610583e-10"
"44.2","6.270046065827818e-10"
"44.300000000000004","5.942604492718819e-10"
"44.400000000000006","5.632262950865544e-10"
"44.5","5.338128422727057e-10"
"44.6","5.059354526953534e-10"
"44.7","4.795139082897359e-10"
"44.800000000000004","4.5447218023131364e-10"
"44.900000000000006","4.307382101604397e-10"
"45.0","4.082437028321677e-10"
"45.1","3.869239295945404e-10"
"45.2","3.6671754212986094e-10"
"45.300000000000004","3.4756639592298254e-10"
"45.400000000000006","3.2941538294863996e-10"
"45.5","3.1221227309637617e-10"
"45.6","2.959075638767591e-10"
"45.7","2.804543379764131e-10"
"45.800000000000004","2.658081282519763e-10"
"45.900000000000006","2.5192678977449836e-10"
"46.0","2.387703785560836e-10"
"46.1","2.2630103660981074e-10"
"46.2","2.1448288301218621e-10"
"46.300000000000004","2.0328191065465927e-10"
"46.400000000000006","1.9266588838709863e-10"
"46.5","1.8260426827164513e-10"
"46.6","1.7306809768006063e-10"
"46.7","1.640299359816303e-10"
"46.800000000000004","1.5546377558188554e-10"
"46.900000000000006","1.473449670849333e-10"
"47.0","1.3965014836404491e-10"
"47.1","1.3235717733640196e-10"
"47.2","1.2544506824855716e-10"
"47.300000000000004","1.1889393128926924e-10"
"47.400000000000006","1.1268491535594568e-10"
"47.5","1.0680015381000276e-10"
"47.6","1.0122271306505113e-10"
"47.7","9.593654385996886e-11"
"47.800000000000004","9.092643507664797e-11"
"47.900000000000006","8.61779699695239e-11"
"48.0","8.1677484680937e-11"
"48.1","7.741202892295243e-11"
"48.2","7.336932871249966e-11"
"48.300000000000004","6.953775105260021e-11"
"48.400000000000006","6.590627045805311e-11"
"48.5","6.246443722925471e-11"
"48.6","5.92023473828594e-11"
"48.7","5.6110614152756264e-11"
"48.800000000000004","5.318034097935441e-11"
"48.900000000000006","5.040309590945305e-11"
"49.0","4.777088733303108e-11"
"49.1","4.5276140987137936e-11"
"49.2","4.2911678160713835e-11"
"49.300000000000004","4.0670695037623e-11"
"49.400000000000006","3.8546743118458745e-11"
"49.5","3.653371066478375e-11"
"49.6","3.462580511241048e-11"
"49.7","3.281753640311564e-11"
"49.800000000000004","3.110370118682499e-11"
"49.900000000000006","2.947936784880988e-11"
"50.0","2.7939862318810866e-11"
"50.1","2.6480754621253486e-11"
"50.2","2.5097846127854305e-11"
"50.300000000000004","2.3787157475935988e-11"
"50.400000000000006","2.2544917117686067e-11"
"50.5","2.136755046740952e-11"
"50.6","2.0251669615546028e-11"
"50.7","1.919406357985369e-11"
"50.800000000000004","1.8191689065706652e-11"
"50.900000000000006","1.7241661708919117e-11"
"51.0","1.634124777589671e-11"
"51.1","1.5487856297232098e-11"
"51.2","1.467903161210904e-11"
"51.300000000000004","1.3912446302061171e-11"
"51.400000000000006","1.3185894493752179e-11"
"51.5","1.2497285511505918e-11"
"51.6","1.1844637861321401e-11"
"51.7","1.122607352906151e-11"
"51.800000000000004","1.0639812576408258e-11"
"51.900000000000006","1.00841680190343e-11"
"52.0","9.557540972252494e-12"
"52.1","9.058416050174927e-12"
"52.2","8.585357005142373e-12"
"52.300000000000004","8.137002594876487e-12"
"52.400000000000006","7.71206266546235e-12"
"52.5","7.309314438889994e-12"
"52.6","6.927598994472243e-12"
"52.7","6.565817934013979e-12"
"52.800000000000004","6.222930221136805e-12"
"52.900000000000006","5.897949185664119e-12"
"53.0","5.589939684446662e-12"
"53.1","5.298015410458696e-12"
"53.2","5.021336342421665e-12"
"53.300000000000004","4.759106327616553e-12"
"53.400000000000006","4.510570790929393e-12"
"53.5","4.275014563537657e-12"
"53.6","4.051759824989469e-12"
"53.7","3.840164152753949e-12"
"53.800000000000004","3.639618673630171e-12"
"53.900000000000006","3.4495463116953854e-12"
"54.0","3.2694001277508996e-12"
"54.1","3.0986617454873382e-12"
"54.2","2.9368398598405095e-12"
"54.300000000000004","2.7834688232456337e-12"
"54.400000000000006","2.6381073057218325e-12"
"54.5","2.5003370249312302e-12"
"54.6","2.3697615425583717e-12"
"54.7","2.246005123546506e-12"
"54.800000000000004","2.1287116549081415e-12"
"54.900000000000006","2.017543620998728e-12"
"55.0","1.912181132304774e-12"
"55.1","1.8123210049517143e-12"
"55.2","1.7176758882827736e-12"
"55.300000000000004","1.627973437998419e-12"
"55.400000000000006","1.5429555324770699e-12"
"55.5","1.4623775300220183e-12"
"55.6","1.3860075648972505e-12"
"55.7","1.3136258801265017e-12"
"55.800000000000004","1.2450241951356455e-12"
"55.900000000000006","1.1800051064187926e-12"
"56.0","1.1183815195034945e-12"
"56.1","1.059976110580515e-12"
"56.2","1.0046208162489937e-12"
"56.300000000000004","9.521563499087243e-13"
"56.400000000000006","9.024317434079539e-13"
"56.5","8.55303912627778e-13"
"56.6","8.106372457530899e-13"
"56.7","7.683032130453169e-13"
"56.800000000000004","7.281799969940568e-13"
"56.900000000000006","6.901521417833601e-13"
"57.0","6.541102210639894e-13"
"57.1","6.199505230756581e-13"
"57.2","5.875747522131783e-13"
"57.300000000000004","5.568897461777667e-13"
"57.400000000000006","5.278072078995994e-13"
"57.5","5.002434514602171e-13"
"57.6","4.741191612836629e-13"
"57.7","4.493591639034186e-13"
"57.800000000000004","4.2589221164839e-13"
"57.900000000000006","4.036507776254939e-13"
"58.0","3.825708614088988e-13"
"58.1","3.625918048767874e-13"
"58.2","3.4365611766570344e-13"
"58.300000000000004","3.2570931174022283e-13"
"58.400000000000006","3.086997446019185e-13"
"58.5","2.925784706864469e-13"
"58.6","2.772991005211475e-13"
"58.7","2.628176672378763e-13"
"58.800000000000004","2.4909250005696033e-13"
"58.900000000000006","2.3608410437821865e-13"
"59.0","2.237550481340081e-13"
"59.1","2.1206985407727178e-13"
"59.2","2.0099489769464487e-13"
"59.300000000000004","1.9049831045086012e-13"
"59.400000000000006","1.805498880860353e-13"
"59.5","1.711210037019657e-13"
"59.6","1.6218452538732418e-13"
"59.7","1.5371473814473323e-13"
"59.800000000000004","1.4568726989505124e-13"
"59.900000000000006","1.3807902134594842e-13"
"60.0","1.3086809952296664e-13"
"60.1","1.24033754771797e-13"
"60.2","1.1755632105049702e-13"
"60.300000000000004","1.114171593398366e-13"
"60.400000000000006","1.0559860400893385e-13"
"60.5","1.0008391198184689e-13"
"60.6","9.485721455884615e-14"
"60.7","8.9903471753732e-14"
"60.800000000000004","8.520842901580137e-14"
"60.900000000000006","8.075857621192996e-14"
"61.0","7.654110875073924e-14"
"61.1","7.25438907369821e-14"
"61.2","6.875542005012265e-14"
"61.300000000000004","6.51647952466227e-14"
"61.400000000000006","6.176168419069505e-14"
"61.5","5.8536294323258e-14"
"61.6","5.547934448353853e-14"
"61.7","5.2582038202240334e-14"
"61.800000000000004","4.9836038389426814e-14"
"61.900000000000006","4.723344334428262e-14"
"62.0","4.4766764017721006e-14"
"62.1","4.242890246240966e-14"
"62.2","4.0213131408203974e-14"
"62.300000000000004","3.811307490421568e-14"
"62.400000000000006","3.612268997181366e-14"
"62.5","3.423624921576291e-14"
"62.6","3.244832434346462e-14"
"62.7","3.075377054487351e-14"
"62.800000000000004","2.914771168814518e-14"
"62.900000000000006","2.7625526288413346e-14"
"63.0","2.6182834209321805e-14"
"63.1","2.481548405904435e-14"
"63.2","2.3519541244524235e-14"
"63.300000000000004","2.2291276649558905e-14"
"63.400000000000006","2.1127155904150864e-14"
"63.5","2.0023829214246873e-14"
"63.6","1.8978121722600195e-14"
"63.7","1.7987024373019048e-14"
"63.800000000000004","1.7047685251712777e-14"
"63.900000000000006","1.6157401380820243e-14"
"64.0","1.531361094050602e-14"
"64.10000000000001","1.4513885897243253e-14"
"64.2","1.375592501707085e-14"
"64.3","1.3037547243720365e-14"
"64.4","1.2356685422558012e-14"
"64.5","1.1711380352282202e-14"
"64.60000000000001","1.1099775147260181e-14"
"64.7","1.0520109894281228e-14"
"64.8","9.97071658835105e-15"
"64.9","9.45001433295495e-15"
"65.0","8.9565047909784e-15"
"65.10000000000001","8.48876787319487e-15"
"65.2","8.045457651914422e-15"
"65.3","7.625298488034459e-15"
"65.4","7.227081360348085e-15"
"65.5","6.8496603865475724e-15"
"65.60000000000001","6.491949525911976e-15"
"65.7","6.1529194541908156e-15"
"65.8","5.831594601691165e-15"
"65.9","5.5270503460451915e-15"
"66.0","5.2384103515802105e-15"
"66.10000000000001","4.964844047635228e-15"
"66.2","4.705564238567751e-15"
"66.3","4.4598248385735634e-15"
"66.4","4.226918724801366e-15"
"66.5","4.0061757025845355e-15"
"66.60000000000001","3.796960576934893e-15"
"66.7","3.598671324749151e-15"
"66.8","3.4107373624685063e-15"
"66.9","3.2326179042064967e-15"
"67.0","3.0638004056206175e-15"
"67.10000000000001","2.90379908904985e-15"
"67.2","2.7521535456741685e-15"
"67.3","2.6084274106736826e-15"
"67.4","2.4722071075751435e-15"
"67.5","2.3431006581726385e-15"
"67.60000000000001","2.220736554597976e-15"
"67.7","2.1047626902951115e-15"
"67.8","1.99484534682246e-15"
"67.9","1.8906682335675875e-15"
"68.0","1.7919315776110247e-15"
"68.10000000000001","1.6983512611202644e-15"
"68.2","1.6096580037917664e-15"
"68.3","1.5255965879884132e-15"
"68.4","1.445925124342735e-15"
"68.5","1.3704143557126468e-15"
"68.60000000000001","1.2988469974868133e-15"
"68.7","1.2310171123413472e-15"
"68.8","1.1667295176486824e-15"
"68.9","1.1057992238334259e-15"
"69.0","1.0480509020590372e-15"
"69.10000000000001","9.93318379713588e-16"
"69.2","9.414441622428444e-16"
"69.3","8.922789799547357e-16"
"69.4","8.456813584911207e-16"
"69.5","8.015172117308732e-16"
"69.60000000000001","7.596594559528519e-16"
"69.7","7.199876441484962e-16"
"69.8","6.823876194317719e-16"
"69.9","6.467511865491413e-16"
"70.0","6.129758005443185e-16"
"70.10000000000001","5.809642716819334e-16"
"70.2","5.506244857810116e-16"
"70.3","5.21869139153522e-16"
"70.4","4.946154873852689e-16"
"70.5","4.687851072362382e-16"
"70.60000000000001","4.443036709752579e-16"
"70.7","4.2110073249961444e-16"
"70.8","3.9910952462417683e-16"
"70.9","3.7826676695672157e-16"
"71.0","3.5851248380661426e-16"
"71.10000000000001","3.397898316028736e-16"
"71.2","3.2204493532500833e-16"
"71.3","3.0522673347595167e-16"
"71.4","2.892868311509976e-16"
"71.5","2.741793607799409e-16"
"71.60000000000001","2.598608501417011e-16"
"71.7","2.462900972716397e-16"
"71.8","2.3342805190161093e-16"
"71.9","2.2123770309158725e-16"
"72.0","2.0968397272951547e-16"
"72.10000000000001","1.9873361459294636e-16"
"72.2","1.883551186819838e-16"
"72.3","1.785186205482694e-16"
"72.4","1.6919581535909304e-16"
"72.5","1.6035987644934683e-16"
"72.60000000000001","1.519853781269524e-16"
"72.7","1.440482225096326e-16"
"72.8","1.3652557018249723e-16"
"72.9","1.293957744769087e-16"
"73.0","1.22638319181512e-16"
"73.10000000000001","1.1623375950619164e-16"
"73.2","1.1016366612907639e-16"
"73.3","1.0441057216558621e-16"
"73.4","9.895792290692244e-17"
"73.5","9.379002818337276e-17"
"73.60000000000001","8.889201721535434e-17"
"73.7","8.424979582227798e-17"
"73.8","7.985000586610024e-17"
"73.9","7.567998681286115e-17"
"74.0","7.172773930159962e-17"
"74.10000000000001","6.798189061581488e-17"
"74.2","6.443166195811712e-17"
"74.3","6.106683743389908e-17"
"74.4","5.787773465477804e-17"
"74.5","5.48551768772187e-17"
"74.60000000000001","5.199046659616517e-17"
"74.7","4.927536051769662e-17"
"74.8","4.6702045838689755e-17"
"74.9","4.4263117765232215e-17"
"75.0","4.195155820509517e-17"
"75.10000000000001","3.976071557295224e-17"
"75.2","3.7684285650233585e-17"
"75.3","3.571629344453867e-17"
"75.4","3.385107599640778e-17"
"75.5","3.2083266083978046e-17"
"75.60000000000001","3.0407776778633785e-17"
"75.7","2.8819786807209424e-17"
"75.8","2.7314726678624353e-17"
"75.9","2.5888265535028646e-17"
"76.0","2.4536298689623398e-17"
"76.10000000000001","2.3254935815295388e-17"
"76.2","2.2040489750078466e-17"
"76.3","2.0889465887229043e-17"
"76.4","1.9798552119385292e-17"
"76.5","1.8764609307874067e-17"
"76.60000000000001","1.7784662249740634e-17"
"76.7","1.685589111650863e-17"
"76.80000000000001","1.5975623340034924e-17"
"76.9","1.5141325922110762e-17"
"77.0","1.4350598145679753e-17"
"77.10000000000001","1.3601164666699037e-17"
"77.2","1.289086896676527e-17"
"77.30000000000001","1.2217667147665081e-17"
"77.4","1.1579622049993694e-17"
"77.5","1.0974897678917837e-17"
"77.60000000000001","1.0401753921042846e-17"
"77.7","9.858541537181673e-18"
"77.80000000000001","9.343697416617248e-18"
"77.9","8.855740079202245e-18"
"78.0","8.393265412353359e-18"
"78.10000000000001","7.954942630673201e-18"
"78.2","7.539510446573461e-18"
"78.30000000000001","7.145773440880215e-18"
"78.4","6.772598622977655e-18"
"78.5","6.418912170591964e-18"
"78.60000000000001","6.083696339833955e-18"
"78.7","5.765986536609022e-18"
"78.80000000000001","5.4648685409673026e-18"
"78.9","5.1794758764070206e-18"
"79.0","4.9089873165611044e-18"
"79.10000000000001","4.6526245220924885e-18"
"79.2","4.4096498009982004e-18"
"79.30000000000001","4.179363985877415e-18"
"79.4","3.9611044220552784e-18"
"79.5","3.754243060773242e-18"
"79.60000000000001","3.5581846519590064e-18"
"79.7","3.37236503137572e-18"
"79.80000000000001","3.1962494972216493e-18"
"79.9","3.0293312715089246e-18"
"80.0","2.871130041793948e-18"
"80.10000000000001","2.721190579063228e-18"
"80.2","2.5790814277975822e-18"
"80.30000000000001","2.4443936644453087e-18"
"80.4","2.3167397207318087e-18"
"80.5","2.195752268419687e-18"
"80.60000000000001","2.0810831623101996e-18"
"80.7","1.9724024384444944e-18"
"80.80000000000001","1.8693973646219437e-18"
"80.9","1.7717715405034023e-18"
"81.0","1.6792440447099097e-18"
"81.10000000000001","1.59154862646259e-18"
"81.2","1.5084329394376617e-18"
"81.30000000000001","1.4296578156319549e-18"
"81.4","1.3549965771494613e-18"
"81.5","1.2842343839285612e-18"
"81.60000000000001","1.2171676155329887e-18"
"81.7","1.1536032852276235e-18"
"81.80000000000001","1.0933584846530918e-18"
"81.9","1.0362598575012104e-18"
"82.0","9.821431006767579e-19"
"82.10000000000001","9.308524915101511e-19"
"82.2","8.822404396605677e-19"
"82.30000000000001","8.361670624200977e-19"
"82.4","7.924997821968527e-19"
"82.5","7.511129450187767e-19"
"82.60000000000001","7.1188745896039e-19"
"82.7","6.747104514520277e-19"
"82.80000000000001","6.39474944485472e-19"
"82.9","6.0607954678136845e-19"
"83.0","5.744281620326318e-19"
"83.10000000000001","5.444297123843004e-19"
"83.2","5.1599787635414375e-19"
"83.30000000000001","4.890508404398836e-19"
"83.4","4.63511063698268e-19"
"83.5","4.393050546185684e-19"
"83.60000000000001","4.163631596484468e-19"
"83.7","3.9461936276366845e-19"
"83.80000000000001","3.7401109550491576e-19"
"83.9","3.5447905693507953e-19"
"84.0","3.359670429989471e-19"
"84.10000000000001","3.1842178479426633e-19"
"84.2","3.0179279528880403e-19"
"84.30000000000001","2.860322240423231e-19"
"84.4","2.71094719515436e-19"
"84.5","2.569372985691239e-19"
"84.60000000000001","2.4351922277940256e-19"
"84.7","2.308018812112262e-19"
"84.80000000000001","2.187486793143077e-19"
"84.9","2.0732493362114912e-19"
"85.0","1.964977719442737e-19"
"85.10000000000001","1.8623603878547227e-19"
"85.2","1.7651020568487768e-19"
"85.30000000000001","1.672922862518927e-19"
"85.4","1.5855575563347124e-19"
"85.5","1.5027547418801934e-19"
"85.60000000000001","1.4242761514528608e-19"
"85.7","1.3498959604408282e-19"
"85.80000000000001","1.27940013750541e-19"
"85.9","1.212585828699213e-19"
"86.0","1.149260773747525e-19"
"86.10000000000001","1.0892427528133264e-19"
"86.2","1.0323590621539812e-19"
"86.30000000000001","9.78446017160784e-20"
"86.4","9.273484813513527e-20"
"86.5","8.789194199595212e-20"
"86.60000000000001","8.330194768381765e-20"
"86.7","7.895165734575622e-20"
"86.80000000000001","7.482855288451561e-20"
"86.9","7.092076993734853e-20"
"87.0","6.721706373593567e-20"
"87.10000000000001","6.370677674921129e-20"
"87.2","6.037980801598239e-20"
"87.30000000000001","5.722658407909527e-20"
"87.4","5.423803143751148e-20"
"87.5","5.1405550437023246e-20"
"87.60000000000001","4.872099052447808e-20"
"87.7","4.617662679430573e-20"
"87.80000000000001","4.3765137759859535e-20"
"87.9","4.1479584285608297e-20"
"88.0","3.93133896195556e-20"
"88.10000000000001","3.726032046842913e-20"
"88.2","3.531446906118324e-20"
"88.30000000000001","3.347023614920201e-20"
"88.4","3.172231489428526e-20"
"88.5","3.006567559805474e-20"
"88.60000000000001","2.8495551228838876e-20"
"88.7","2.7007423704389245e-20"
"88.80000000000001","2.55970108909568e-20"
"88.9","2.4260254281317352e-20"
"89.0","2.2993307316289417e-20"
"89.10000000000001","2.17925243161392e-20"
"89.2","2.0654449990022504e-20"
"89.30000000000001","1.9575809493276678e-20"
"89.4","1.8553499003952113e-20"
"89.5","1.7584576791466983e-20"
"89.60000000000001","1.6666254751684967e-20"
"89.7","1.579589038405794e-20"
"89.80000000000001","1.4970979187747535e-20"
"89.9","1.4189147454845223e-20"
"90.0","1.3448145439953158e-20"
"90.10000000000001","1.2745840886471055e-20"
"90.2","1.2080212890960756e-20"
"90.30000000000001","1.1449346087933043e-20"
"90.4","1.0851425138323215e-20"
"90.5","1.0284729505795827e-20"
"90.60000000000001","9.747628505847293e-21"
"90.7","9.238576613459939e-21"
"90.80000000000001","8.756109015805167e-21"
"90.9","8.298837397198467e-21"
"91.0","7.865445944177392e-21"
"91.10000000000001","7.454687559206923e-21"
"91.2","7.065380272117109e-21"
"91.30000000000001","6.696403838946725e-21"
"91.4","6.346696518406049e-21"
"91.5","6.0152520166829094e-21"
"91.60000000000001","5.701116591800598e-21"
"91.7","5.403386309195335e-21"
"91.80000000000001","5.121204440616141e-21"
"91.9","4.853758998862351e-21"
"92.0","4.600280401264909e-21"
"92.10000000000001","4.360039255188036e-21"
"92.2","4.132344259178984e-21"
"92.30000000000001","3.916540213726369e-21"
"92.4","3.712006135902967e-21"
"92.5","3.518153472467819e-21"
"92.60000000000001","3.3344244062857658e-21"
"92.7","3.1602902511911055e-21"
"92.80000000000001","2.9952499306765212e-21"
"92.9","2.8388285360296767e-21"
"93.0","2.690575959768461e-21"
"93.10000000000001","2.5500656004425543e-21"
"93.2","2.416893135074339e-21"
"93.30000000000001","2.290675355706818e-21"
"93.4","2.1710490667106647e-21"
"93.5","2.0576700396773814e-21"
"93.60000000000001","1.9502120228912276e-21"
"93.7","1.848365802529647e-21"
"93.80000000000001","1.751838312890771e-21"
"93.9","1.6603517930876452e-21"
"94.0","1.5736429877825404e-21"
"94.10000000000001","1.491462389661443e-21"
"94.2","1.4135735214689094e-21"
"94.30000000000001","1.3397522555373293e-21"
"94.4","1.2697861688525125e-21"
"94.5","1.2034739317997861e-21"
"94.60000000000001","1.1406247288316968e-21"
"94.7","1.0810577093902725e-21"
"94.80000000000001","1.024601467503855e-21"
"94.9","9.710935485610249e-22"
"95.0","9.203799818423504e-22"
"95.10000000000001","8.723148374647989e-22"
"95.2","8.267598064639099e-22"
"95.30000000000001","7.835838028054002e-22"
"95.4","7.426625861809783e-22"
"95.5","7.038784045029495e-22"
"95.60000000000001","6.671196550688817e-22"
"95.7","6.322805634213185e-22"
"95.80000000000001","5.9926087897845245e-22"
"95.9","5.679655865599224e-22"
"96.0","5.383046329776449e-22"
"96.10000000000001","5.10192667904933e-22"
"96.2","4.835487982782474e-22"
"96.30000000000001","4.582963555248624e-22"
"96.4","4.343626749466365e-22"
"96.5","4.116788866250587e-22"
"96.60000000000001","3.9017971724589194e-22"
"96.7","3.6980330227315914e-22"
"96.80000000000001","3.5049100793199513e-22"
"96.9","3.3218726248811557e-22"
"97.0","3.148393963384042e-22"
"97.10000000000001","2.9839749045247347e-22"
"97.2","2.8281423272908474e-22"
"97.30000000000001","2.6804478185408917e-22"
"97.4","2.5404663826813615e-22"
"97.5","2.4077952187285463e-22"
"97.60000000000001","2.282052561236036e-22"
"97.7","2.162876581752641e-22"
"97.80000000000001","2.0499243476496478e-22"
"97.9","1.9428708353213935e-22"
"98.0","1.841407994919621e-22"
"98.10000000000001","1.7452438639303519e-22"
"98.2","1.6541017270425717e-22"
"98.30000000000001","1.5677193198912212e-22"
"98.4","1.4858480743832378e-22"
"98.5","1.408252403435051e-22"
"98.60000000000001","1.3347090230633412e-22"
"98.7","1.2650063098783548e-22"
"98.80000000000001","1.1989436921309477e-22"
"98.9","1.1363310725610673e-22"
"99.0","1.0769882813869096e-22"
"99.10000000000001","1.0207445578607066e-22"
"99.2","9.674380588993042e-23"
"99.30000000000001","9.169153933756009e-23"
"99.4","8.690311807307559e-23"
"99.5","8.236476326370595e-23"
"99.60000000000001","7.806341565076864e-23"
"99.7","7.398669797124212e-23"
"99.80000000000001","7.01228793418022e-23"
"99.9","6.64608415028364e-23"
"100.0","6.299004682530226e-23"
"100.10000000000001","5.970050798836842e-23"
"100.2","5.65827592405848e-23"
"100.30000000000001","5.362782916188521e-23"
"100.4","5.0827214848043924e-23"
"100.5","4.817285744330137e-23"
"100.60000000000001","4.565711895075331e-23"
"100.7","4.327276025377451e-23"
"100.80000000000001","4.1012920285233006e-23"
"100.9","3.88710962845537e-23"
"101.0","3.684112508582026e-23"
"101.10000000000001","3.4917165383071427e-23"
"101.2","3.30936809217594e-23"
"101.30000000000001","3.136542456800328e-23"
"101.4","2.972742320979631e-23"
"101.5","2.8174963446719694e-23"
"101.60000000000001","2.670357802698467e-23"
"101.7","2.5309032992775012e-23"
"101.80000000000001","2.3987315496900235e-23"
"101.9","2.2734622255701648e-23"
"102.0","2.1547348604984018e-23"
"102.10000000000001","2.042207812748097e-23"
"102.2","1.9355572822006884e-23"
"102.30000000000001","1.8344763786006658e-23"
"102.4","1.738674238469209e-23"
"102.5","1.6478751881353804e-23"
"102.60000000000001","1.561817950476469e-23"
"102.7","1.480254893084852e-23"
"102.80000000000001","1.4029513156979556e-23"
"102.9","1.329684774840868e-23"
"103.0","1.2602444437382458e-23"
"103.10000000000001","1.194430505653637e-23"
"103.2","1.1320535789105395e-23"
"103.30000000000001","1.07293417194067e-23"
"103.4","1.0169021667913333e-23"
"103.5","9.637963296056628e-24"
"103.60000000000001","9.134638466671266e-24"
"103.7","8.657598846732536e-24"
"103.80000000000001","8.205471739732505e-24"
"103.9","7.77695613570265e-24"
"104.0","7.370818967516762e-24"
"104.10000000000001","6.985891562701506e-24"
"104.2","6.62106628054464e-24"
"104.30000000000001","6.275293324824026e-24"
"104.4","5.9475777229859846e-24"
"104.5","5.63697646308049e-24"
"104.60000000000001","5.342595780214626e-24"
"104.7","5.0635885847159966e-24"
"104.80000000000001","4.799152024605562e-24"
"104.9","4.5485251753658136e-24"
"105.0","4.310986850356553e-24"
"105.10000000000001","4.085853525577652e-24"
"105.2","3.872477372807245e-24"
"105.30000000000001","3.670244395455654e-24"
"105.4","3.47857266177089e-24"
"105.5","3.2969106303117348e-24"
"105.60000000000001","3.124735562869904e-24"
"105.7","2.96155202027441e-24"
"105.80000000000001","2.8068904367497683e-24"
"105.9","2.660305768725714e-24"
"106.0","2.5213762142103304e-24"
"106.10000000000001","2.3897019990415545e-24"
"106.2","2.264904226524453e-24"
"106.30000000000001","2.1466237871440676e-24"
"106.4","2.0345203252164927e-24"
"106.5","1.9282712595046924e-24"
"106.60000000000001","1.827570854980845e-24"
"106.7","1.7321293430641877e-24"
"106.80000000000001","1.6416720878028125e-24"
"106.9","1.555938795600077e-24"
"107.0","1.4746827662115965e-24"
"107.10000000000001","1.397670182857531e-24"
"107.2","1.3246794394074492e-24"
"107.30000000000001","1.255500502701719e-24"
"107.4","1.1899343081744863e-24"
"107.5","1.1277921870391255e-24"
"107.60000000000001","1.0688953233878743e-24"
"107.7","1.0130742396434345e-24"
"107.80000000000001","9.601683088819151e-25"
"107.9","9.100252926238064e-25"
"108.0","8.625009027629685e-25"
"108.10000000000001","8.174583863730679e-25"
"108.2","7.747681321967315e-25"
"108.30000000000001","7.343072976850783e-25"
"108.4","6.959594555144209e-25"
"108.5","6.596142585629811e-25"
"108.60000000000001","6.251671223835766e-25"
"108.7","5.925189242585853e-25"
"108.80000000000001","5.61575717971208e-25"
"108.9","5.322484634722759e-25"
"109.0","5.04452770664708e-25"
"109.10000000000001","4.78108656568354e-25"
"109.2","4.531403151664532e-25"
"109.30000000000001","4.294758992714371e-25"
"109.4","4.0704731378238826e-25"
"109.5","3.857900197392458e-25"
"109.60000000000001","3.656428486099181e-25"
"109.7","3.4654782627590866e-25"
"109.80000000000001","3.2845000620996633e-25"
"109.9","3.1129731136572556e-25"
"110.0","2.9504038432436787e-25"
"110.10000000000001","2.79632445267097e-25"
"110.2","2.650291573647391e-25"
"110.30000000000001","2.511884991971227e-25"
"110.4","2.380706438351205e-25"
"110.5","2.2563784423740857e-25"
"110.60000000000001","2.1385432463216776e-25"
"110.7","2.0268617757117533e-25"
"110.80000000000001","1.9210126636005636e-25"
"110.9","1.8206913258393505e-25"
"111.0","1.725609084623881e-25"
"111.10000000000001","1.6354923378149871e-25"
"111.2","1.5500817716398077e-25"
"111.30000000000001","1.4691316145082504e-25"
"111.4","1.3924089297975135e-25"
"111.5","1.3196929455696286e-25"
"111.60000000000001","1.250774419293266e-25"
"111.7","1.1854550357417703e-25"
"111.80000000000001","1.1235468363348612e-25"
"111.9","1.0648716782819057e-25"
"112.0","1.009260721970437e-25"
"112.10000000000001","9.565539451248602e-26"
"112.2","9.065996823373215e-26"
"112.30000000000001","8.592541886457284e-26"
"112.4","8.143812259031e-26"
"112.5","7.718516707480156e-26"
"112.60000000000001","7.315431430480809e-26"
"112.7","6.933396537472493e-26"
"112.80000000000001","6.571312711036649e-26"
"112.9","6.228138043576186e-26"
"113.0","5.902885039193605e-26"
"113.10000000000001","5.594617772140498e-26"
"113.2","5.302449193661781e-26"
"113.30000000000001","5.025538579484994e-26"
"113.4","4.763089110609783e-26"
"113.5","4.5143455804361583e-26"
"113.60000000000001","4.2785922216337593e-26"
"113.7","4.055150646498849e-26"
"113.80000000000001","3.843377894872364e-26"
"113.9","3.6426645840018414e-26"
"114.0","3.4524331550233785e-26"
"114.10000000000001","3.272136211017845e-26"
"114.2","3.101254941859031e-26"
"114.30000000000001","2.939297631321195e-26"
"114.4","2.785798242150161e-26"
"114.5","2.640315075026463e-26"
"114.60000000000001","2.502429497561665e-26"
"114.7","2.3717447396704975e-26"
"114.80000000000001","2.2478847518524583e-26"
"114.9","2.130493123097552e-26"
"115.0","2.0192320553023978e-26"
"115.10000000000001","1.9137813912455672e-26"
"115.2","1.813837693325108e-26"
"115.30000000000001","1.7191133704073054e-26"
"115.4","1.6293358502741482e-26"
"115.5","1.5442467952882025e-26"
"115.60000000000001","1.4636013590179334e-26"
"115.7","1.3871674816844006e-26"
"115.80000000000001","1.314725222401945e-26"
"115.9","1.2460661262913759e-26"
"116.0","1.1809926246444984e-26"
"116.10000000000001","1.1193174664139446e-26"
"116.2","1.060863179392395e-26"
"116.30000000000001","1.0054615595307216e-26"
"116.4","9.529531869255469e-27"
"116.5","9.031869670834579e-27"
"116.60000000000001","8.560196961418512e-27"
"116.7","8.113156487953136e-27"
"116.80000000000001","7.689461877417885e-27"
"116.9","7.287893935246936e-27"
"117.0","6.907297137058504e-27"
"117.10000000000001","6.5465763035971e-27"
"117.2","6.204693449320778e-27"
"117.30000000000001","5.880664795565102e-27"
"117.4","5.5735579396890946e-27"
"117.5","5.282489172057324e-27"
"117.60000000000001","5.006620933137632e-27"
"117.7","4.745159403397244e-27"
"117.80000000000001","4.497352219062099e-27"
"117.9","4.262486307166432e-27"
"118.0","4.0398858336628874e-27"
"118.10000000000001","3.828910258688798e-27"
"118.2","3.628952493392586e-27"
"118.30000000000001","3.439437153016499e-27"
"118.4","3.259818901208878e-27"
"118.5","3.0895808808016575e-27"
"118.60000000000001","2.928233226537605e-27"
"118.7","2.775311655467645e-27"
"118.80000000000001","2.630376130962069e-27"
"118.9","2.4930095964912955e-27"
"119.0","2.3628167755325925e-27"
"119.10000000000001","2.239423034149452e-27"
"119.2","2.1224733029706563e-27"
"119.30000000000001","2.011631055466997e-27"
"119.4","1.9065773395856045e-27"
"119.5","1.8070098599553853e-27"
"119.60000000000001","1.7126421080225845e-27"
"119.7","1.6232025376134143e-27"
"119.80000000000001","1.5384337835513988e-27"
"119.9","1.458091921080984e-27"
"120.0","1.3819457639663858e-27"
"120.10000000000001","1.3097761992459229e-27"
"120.2","1.2413755567275818e-27"
"120.30000000000001","1.1765470114115074e-27"
"120.4","1.1151040171198767e-27"
"120.5","1.0568697697044052e-27"
"120.60000000000001","1.0016766982868514e-27"
"120.7","9.493659830685434e-28"
"120.80000000000001","8.997870983214155e-28"
"120.9","8.527973792454905e-28"
"121.0","8.082616114464326e-28"
"121.10000000000001","7.660516418518749e-28"
"121.2","7.260460099469238e-28"
"121.30000000000001","6.881295982677076e-28"
"121.4","6.521933011472546e-28"
"121.5","6.181337107605048e-28"
"121.60000000000001","5.858528195650416e-28"
"121.7","5.552577382813064e-28"
"121.80000000000001","5.26260428600776e-28"
"121.9","4.9877744985296025e-28"
"122.0","4.727297189022496e-28"
"122.10000000000001","4.480422825837054e-28"
"122.2","4.246441020229702e-28"
"122.30000000000001","4.0246784821967326e-28"
"122.4","3.8144970830611465e-28"
"122.5","3.615292019237314e-28"
"122.60000000000001","3.4264900718896423e-28"
"122.7","3.2475479574773444e-28"
"122.80000000000001","3.0779507644389717e-28"
"122.9","2.9172104715182e-28"
"123.0","2.7648645434673173e-28"
"123.10000000000001","2.6204746000875054e-28"
"123.2","2.483625154776029e-28"
"123.30000000000001","2.353922418950473e-28"
"123.4","2.2309931689097116e-28"
"123.5","2.114483671870972e-28"
"123.60000000000001","2.0040586680926285e-28"
"123.7","1.8994004061537513e-28"
"123.80000000000001","1.8002077286144027e-28"
"123.9","1.706195205425631e-28"
"124.0","1.6170923125955301e-28"
"124.10000000000001","1.5326426537479454e-28"
"124.2","1.4526032223338374e-28"
"124.30000000000001","1.3767437023722965e-28"
"124.4","1.304845805709064e-28"
"124.5","1.236702643885504e-28"
"124.60000000000001","1.1721181328105573e-28"
"124.7","1.1109064285226045e-28"
"124.80000000000001","1.0528913924176197e-28"
"124.9","9.979060844048012e-29"
"125.0","9.457922825312076e-29"
"125.10000000000001","8.964000276931151e-29"
"125.2","8.495871921239787e-29"
"125.30000000000001","8.052190704173158e-29"
"125.4","7.631679919076625e-29"
"125.5","7.233129532942184e-29"
"125.60000000000001","6.855392704500442e-29"
"125.7","6.497382484148792e-29"
"125.80000000000001","6.158068686219756e-29"
"125.9","5.836474924589323e-29"
"126.0","5.531675803095179e-29"
"126.10000000000001","5.242794252680147e-29"
"126.2","4.9689990075983905e-29"
"126.30000000000001","4.7095022134220955e-29"
"126.4","4.4635571599655725e-29"
"126.5","4.230456132603216e-29"
"126.60000000000001","4.0095283757984176e-29"
"126.7","3.800138162983413e-29"
"126.80000000000001","3.60168296723609e-29"
"126.9","3.4135917274898275e-29"
"127.0","3.235323205287312e-29"
"127.10000000000001","3.06636442734986e-29"
"127.2","2.906229209480678e-29"
"127.30000000000001","2.7544567575545423e-29"
"127.4","2.610610341568217e-29"
"127.5","2.4742760389361344e-29"
"127.60000000000001","2.3450615434151396e-29"
"127.7","2.2225950362309375e-29"
"127.80000000000001","2.1065241161578758e-29"
"127.9","1.99651478547334e-29"
"128.0","1.8922504888687993e-29"
"128.1","1.793431202551955e-29"
"128.20000000000002","1.6997725709188406e-29"
"128.3","1.6110050883116298e-29"
"128.4","1.5268733235076317e-29"
"128.5","1.4471351847079147e-29"
"128.6","1.371561222910542e-29"
"128.70000000000002","1.2999339716638516e-29"
"128.8","1.2320473212999054e-29"
"128.9","1.1677059258474356e-29"
"129.0","1.1067246409176716e-29"
"129.1","1.0489279909455374e-29"
"129.20000000000002","9.941496642531952e-30"
"129.3","9.42232034482963e-30"
"129.4","8.930257070225131e-30"
"129.5","8.463890891171768e-30"
"129.6","8.021879824323406e-30"
"129.70000000000002","7.602951968935178e-30"
"129.8","7.205901846929098e-30"
"129.9","6.829586934092981e-30"
"130.0","6.47292437243109e-30"
"130.1","6.134887854206203e-30"
"130.20000000000002","5.8145046687068295e-30"
"130.3","5.51085290324154e-30"
"130.4","5.2230587903062106e-30"
"130.5","4.9502941932905525e-30"
"130.6","4.691774223488971e-30"
"130.70000000000002","4.4467549815586315e-30"
"130.8","4.2145314169257125e-30"
"130.9","3.9944352989802025e-30"
"131.0","3.785833294221305e-30"
"131.1","3.58812514382038e-30"
"131.20000000000002","3.40074193635728e-30"
"131.3","3.223144470759854e-30"
"131.4","3.054821704735902e-30"
"131.5","2.8952892842329108e-30"
"131.6","2.7440881496940363e-30"
"131.70000000000002","2.6007832150997897e-30"
"131.8","2.464962115994338e-30"
"131.9","2.3362340228938118e-30"
"132.0","2.214228516662177e-30"
"132.1","2.09859452261852e-30"
"132.20000000000002","1.988999300308616e-30"
"132.3","1.885127486033805e-30"
"132.4","1.786680185382034e-30"
"132.5","1.6933741131497856e-30"
"132.6","1.6049407781799967e-30"
"132.70000000000002","1.5211257107703116e-30"
"132.8","1.4416877304285096e-30"
"132.9","1.3663982518680555e-30"
"133.0","1.2950406272467483e-30"
"133.1","1.2274095227557428e-30"
"133.20000000000002","1.1633103277650575e-30"
"133.3","1.1025585948253662e-30"
"133.4","1.0449795089146638e-30"
"133.5","9.90407384402541e-31"
"133.6","9.386851882845736e-31"
"133.70000000000002","8.896640883149143e-31"
"133.8","8.432030247368238e-31"
"133.9","7.991683043787865e-31"
"134.0","7.57433215948203e-31"
"134.1","7.178776654156629e-31"
"134.20000000000002","6.803878304405975e-31"
"134.3","6.448558328439158e-31"
"134.4","6.111794281851517e-31"
"134.5","5.792617115508709e-31"
"134.6","5.490108387077355e-31"
"134.70000000000002","5.203397618178343e-31"
"134.8","4.931659789557915e-31"
"134.9","4.674112967068822e-31"
"135.0","4.430016051630227e-31"
"135.1","4.19866664669179e-31"
"135.20000000000002","3.97939903706551e-31"
"135.3","3.7715822733093364e-31"
"135.4","3.5746183561503053e-31"
"135.5","3.3879405157228286e-31"
"135.6","3.211011580670581e-31"
"135.70000000000002","3.0433224324190304e-31"
"135.8","2.8843905401707293e-31"
"135.9","2.73375857240777e-31"
"136.0","2.590993080905962e-31"
"136.1","2.4556832534739334e-31"
"136.20000000000002","2.327439731828134e-31"
"136.3","2.2058934912021285e-31"
"136.4","2.0906947784662267e-31"
"136.5","1.9815121057018546e-31"
"136.6","1.8780312963346433e-31"
"136.70000000000002","1.7799545810814574e-31"
"136.8","1.6869997411099176e-31"
"136.9","1.5988992959448367e-31"
"137.0","1.5153997337847402e-31"
"137.1","1.436260782013685e-31"
"137.20000000000002","1.3612547158092512e-31"
"137.3","1.2901657028572056e-31"
"137.4","1.222789182287228e-31"
"137.5","1.1589312760425754e-31"
"137.6","1.098408230989877e-31"
"137.70000000000002","1.0410458901637133e-31"
"137.8","9.86679191624472e-32"
"137.9","9.351516934874262e-32"
"138.0","8.86315123756291e-32"
"138.1","8.400289536658918e-32"
"138.20000000000002","7.961599933062232e-32"
"138.3","7.545820083642944e-32"
"138.4","7.151753568809237e-32"
"138.5","6.77826644977239e-32"
"138.6","6.424284005602251e-32"
"138.70000000000002","6.088787640683965e-32"
"138.8","5.770811953677059e-32"
"138.9","5.469441959542724e-32"
"139.0","5.183810456645599e-32"
"139.1","4.9130955313537866e-32"
"139.20000000000002","4.656518192956533e-32"
"139.3","4.4133401320939625e-32"
"139.4","4.1828615962486734e-32"
"139.5","3.9644193761858677e-32"
"139.6","3.7573848975479184e-32"
"139.70000000000002","3.561162412111891e-32"
"139.8","3.3751872835052945e-32"
"139.9","3.198924362447169e-32"
"140.0","3.031866446839192e-32"
"140.1","2.873532822275701e-32"
"140.20000000000002","2.723467878772864e-32"
"140.3","2.58123979973663e-32"
"140.4","2.4464393193968976e-32"
"140.5","2.3186785451323915e-32"
"140.6","2.1975898412974476e-32"
"140.70000000000002","2.0828247713388804e-32"
"140.8","1.974053095158844e-32"
"140.9","1.870961818838566e-32"
"141.0","1.7732542939885029e-32"
"141.1","1.680649364133271e-32"
"141.20000000000002","1.5928805556750461e-32"
"141.3","1.5096953111074066e-32"
"141.4","1.4308542622731662e-32"
"141.5","1.3561305415749744e-32"
"141.6","1.2853091291566704e-32"
"141.70000000000002","1.2181862341768857e-32"
"141.8","1.1545687083944888e-32"
"141.9","1.094273490378448e-32"
"142.0","1.0371270787428064e-32"
"142.1","9.829650328909879e-33"
"142.20000000000002","9.316314998328096e-33"
"142.3","8.829787657126004e-33"
"142.4","8.368668307579376e-33"
"142.5","7.931630064258976e-33"
"142.6","7.517415335876025e-33"
"142.70000000000002","7.124832206523706e-33"
"142.8","6.752751005901668e-33"
"142.9","6.400101058654213e-33"
"143.0","6.065867603468281e-33"
"143.1","5.749088873065868e-33"
"143.20000000000002","5.4488533266884405e-33"
"143.3","5.164297027109729e-33"
"143.4","4.894601154629197e-33"
"143.5","4.638989650892602e-33"
"143.6","4.396726985759678e-33"
"143.70000000000002","4.1671160407930225e-33"
"143.8","3.949496103277873e-33"
"143.9","3.743240965000491e-33"
"144.0","3.547757120314339e-33"
"144.1","3.3624820583089124e-33"
"144.20000000000002","3.186882644166909e-33"
"144.3","3.020453585052026e-33"
"144.4","2.8627159761129326e-33"
"144.5","2.7132159224195005e-33"
"144.6","2.5715232328658695e-33"
"144.70000000000002","2.4372301822820106e-33"
"144.8","2.3099503381917288e-33"
"144.9","2.1893174488410593e-33"
"145.0","2.0749843892973297e-33"
"145.1","1.9666221625862486e-33"
"145.20000000000002","1.863918952992766e-33"
"145.3","1.766579228801549e-33"
"145.4","1.6743228918951753e-33"
"145.5","1.586884471762994e-33"
"145.6","1.5040123616013808e-33"
"145.70000000000002","1.4254680943072501e-33"
"145.8","1.3510256562814664e-33"
"145.9","1.280470837067604e-33"
"146.0","1.2136006129546237e-33"
"146.1","1.1502225627697595e-33"
"146.20000000000002","1.090154314180542e-33"
"146.3","1.033223018912678e-33"
"146.4","9.792648553737038e-34"
"146.5","9.281245572512037e-34"
"146.6","8.796549667291106e-34"
"146.70000000000002","8.337166110364647e-34"
"146.8","7.901773011101277e-34"
"146.9","7.48911751216597e-34"
"147.0","7.0980121843836845e-34"
"147.1","6.7273316098745585e-34"
"147.20000000000002","6.376009143628577e-34"
"147.3","6.04303384420101e-34"
"147.4","5.727447564696613e-34"
"147.5","5.428342195671809e-34"
"147.6","5.144857052021204e-34"
"147.70000000000002","4.876176396329129e-34"
"147.8","4.621527091559576e-34"
"147.9","4.380176376330064e-34"
"148.0","4.151429756367716e-34"
"148.1","3.934629006080151e-34"
"148.20000000000002","3.7291502744906386e-34"
"148.3","3.534402290087301e-34"
"148.4","3.3498246594207386e-34"
"148.5","3.174886254554259e-34"
"148.6","3.009083684726537e-34"
"148.70000000000002","2.851939847828866e-34"
"148.8","2.70300255752884e-34"
"148.9","2.5618432420899607e-34"
"149.0","2.4280557111429868e-34"
"149.1","2.3012549868603764e-34"
"149.20000000000002","2.181076196170478e-34"
"149.3","2.0671735208237954e-34"
"149.4","1.9592192022900984e-34"
"149.5","1.8569025986229462e-34"
"149.6","1.7599292905777149e-34"
"149.70000000000002","1.6680202344109663e-34"
"149.8","1.5809109589232982e-34"
"149.9","1.498350804435152e-34"
"150.0","1.4201022015057027e-34"
"150.1","1.345939987319321e-34"
"150.20000000000002","1.2756507577724924e-34"
"150.3","1.2090322533967964e-34"
"150.4","1.1458927773509264e-34"
"150.5","1.0860506438070007e-34"
"150.6","1.0293336551438795e-34"
"150.70000000000002","9.755786064430943e-35"
"150.8","9.246308158615628e-35"
"150.9","8.763436795297214e-35"
"151.0","8.305782496942801e-35"
"151.1","7.872028348916929e-35"
"151.20000000000002","7.460926210018302e-35"
"151.3","7.071293120914227e-35"
"151.4","6.702007900137939e-35"
"151.5","6.352007917853668e-35"
"151.6","6.020286038105873e-35"
"151.70000000000002","5.705887720753855e-35"
"151.8","5.407908274752487e-35"
"151.9","5.125490254875284e-35"
"152.0","4.857820994388791e-35"
"152.1","4.6041302665785114e-35"
"152.20000000000002","4.3636880683973085e-35"
"152.3","4.1358025198586823e-35"
"152.4","3.91981787313035e-35"
"152.5","3.7151126255992396e-35"
"152.6","3.5210977314781743e-35"
"152.70000000000002","3.337214906808095e-35"
"152.8","3.162935022978415e-35"
"152.9","2.9977565841427995e-35"
"153.0","2.8412042841490997e-35"
"153.1","2.692827638830954e-35"
"153.20000000000002","2.5521996897254283e-35"
"153.3","2.418915775486617e-35"
"153.4","2.292592367459892e-35"
"153.5","2.1728659660661392e-35"
"153.60000000000002","2.059392054820288e-35"
"153.70000000000002","1.9518441089742925e-35"
"153.8","1.8499126559318988e-35"
"153.9","1.753304384731519e-35"
"154.0","1.6617413020347146e-35"
"154.10000000000002","1.574959932191623e-35"
"154.20000000000002","1.49271055908149e-35"
"154.3","1.4147565075466783e-35"
"154.4","1.340873462352461e-35"
"154.5","1.2708488227128758e-35"
"154.60000000000002","1.2044810905252819e-35"
"154.70000000000002","1.1415792905532299e-35"
"154.8","1.081962420889215e-35"
"154.9","1.0254589321159956e-35"
"155.0","9.719062336677501e-36"
"155.10000000000002","9.211502259706115e-36"
"155.20000000000002","8.730448570162969e-36"
"155.3","8.274517020928614e-36"
"155.4","7.842395654632356e-36"
"155.5","7.432841028453674e-36"
"155.60000000000002","7.044674636076392e-36"
"155.70000000000002","6.676779516499697e-36"
"155.8","6.32809703994774e-36"
"155.9","5.9976238616291534e-36"
"156.0","5.6844090345808706e-36"
"156.10000000000002","5.387551273288332e-36"
"156.20000000000002","5.106196360208073e-36"
"156.3","4.8395346877298816e-36"
"156.4","4.586798928505439e-36"
"156.5","4.347261827439745e-36"
"156.60000000000002","4.120234108991714e-36"
"156.70000000000002","3.905062493762124e-36"
"156.8","3.701127818661609e-36"
"156.9","3.5078432552493924e-36"
"157.0","3.324652621115998e-36"
"157.10000000000002","3.151028779450875e-36"
"157.20000000000002","2.9864721221896478e-36"
"157.3","2.830509132376202e-36"
"157.4","2.6826910216027502e-36"
"157.5","2.542592438607076e-36"
"157.60000000000002","2.4098102453109026e-36"
"157.70000000000002","2.2839623567773913e-36"
"157.8","2.1646866417497236e-36"
"157.9","2.0516398806070205e-36"
"158.0","1.9444967777390902e-36"
"158.10000000000002","1.8429490254980794e-36"
"158.20000000000002","1.7467044170335227e-36"
"158.3","1.6554860054579396e-36"
"158.4","1.569031306923458e-36"
"158.5","1.4870915453162875e-36"
"158.60000000000002","1.4094309363956269e-36"
"158.70000000000002","1.3358260093170986e-36"
"158.8","1.2660649635883654e-36"
"158.9","1.1999470596065536e-36"
"159.0","1.1372820410237326e-36"
"159.10000000000002","1.077889587278291e-36"
"159.20000000000002","1.0215987947168502e-36"
"159.3","9.682476848136269e-37"
"159.4","9.176827380721315e-37"
"159.5","8.697584522679895e-37"
"159.60000000000002","8.243369237617152e-37"
"159.70000000000002","7.812874506766518e-37"
"159.8","7.404861568002116e-37"
"159.9","7.018156351261791e-37"
"160.0","6.651646100123574e-37"
"160.10000000000002","6.304276169814094e-37"
"160.20000000000002","5.975046992435077e-37"
"160.3","5.663011200675279e-37"
"160.4","5.367270901731259e-37"
"160.5","5.086975093592602e-37"
"160.60000000000002","4.821317216256872e-37"
"160.70000000000002","4.569532830827839e-37"
"160.8","4.330897419818516e-37"
"160.9","4.104724302329312e-37"
"161.0","3.8903626581021385e-37"
"161.10000000000002","3.687195654764659e-37"
"161.20000000000002","3.4946386728757374e-37"
"161.3","3.3121376236646103e-37"
"161.4","3.139167354623026e-37"
"161.5","2.9752301383623877e-37"
"161.60000000000002","2.8198542403875385e-37"
"161.70000000000002","2.6725925616659195e-37"
"161.8","2.533021352086042e-37"
"161.9","2.4007389911032166e-37"
"162.0","2.275364832063805e-37"
"162.10000000000002","2.1565381068825066e-37"
"162.20000000000002","2.043916887920843e-37"
"162.3","1.937177104079631e-37"
"162.4","1.8360116082742006e-37"
"162.5","1.740129293609e-37"
"162.60000000000002","1.6492542557083499e-37"
"162.70000000000002","1.563124998792926e-37"
"162.8","1.4814936832174302e-37"
"162.9","1.404125412304218e-37"
"163.0","1.3307975564207212e-37"
"163.10000000000002","1.2612991123556796e-37"
"163.20000000000002","1.1954300961507645e-37"
"163.3","1.1330009676404503e-37"
"163.4","1.0738320850442274e-37"
"163.5","1.0177531880417297e-37"
"163.60000000000002","9.646029078433083e-38"
"163.70000000000002","9.142283028462646e-38"
"163.8","8.664844185405796e-38"
"163.9","8.212338703977524e-38"
"164.0","7.78346448542499e-38"
"164.10000000000002","7.376987430697416e-38"
"164.20000000000002","6.991737889287259e-38"
"164.3","6.626607293524094e-38"
"164.4","6.280544968636276e-38"
"164.5","5.952555109401252e-38"
"164.60000000000002","5.641693914684709e-38"
"164.70000000000002","5.347066871623138e-38"
"164.8","5.067826181634934e-38"
"164.9","4.803168320853319e-38"
"165.0","4.5523317279611447e-38"
"165.10000000000002","4.3145946127742564e-38"
"165.20000000000002","4.089272879267538e-38"
"165.3","3.8757181570670863e-38"
"165.4","3.6733159357440724e-38"
"165.5","3.4814837965416557e-38"
"165.60000000000002","3.2996697364466984e-38"
"165.70000000000002","3.1273505797837347e-38"
"165.8","2.9640304727605123e-38"
"165.9","2.809239456633111e-38"
"166.0","2.662532115384882e-38"
"166.10000000000002","2.523486294027848e-38"
"166.20000000000002","2.3917018838384524e-38"
"166.3","2.266799671032125e-38"
"166.4","2.1484202455636907e-38"
"166.5","2.036222966913663e-38"
"166.60000000000002","1.9298849838844368e-38"
"166.70000000000002","1.8291003055858133e-38"
"166.8","1.733578920936593e-38"
"166.9","1.6430459641485675e-38"
"167.0","1.5572409237915715e-38"
"167.10000000000002","1.4759168931636497e-38"
"167.20000000000002","1.3988398598092574e-38"
"167.3","1.3257880321410601e-38"
"167.4","1.256551201227668e-38"
"167.5","1.190930135910823e-38"
"167.60000000000002","1.1287360095114771e-38"
"167.70000000000002","1.0697898564750857e-38"
"167.8","1.0139220573925948e-38"
"167.9","9.609718509152589e-39"
"168.0","9.107868711588039e-39"
"168.10000000000002","8.632227092658036e-39"
"168.20000000000002","8.181424978646511e-39"
"168.3","7.754165172293935e-39"
"168.4","7.349218220071403e-39"
"168.5","6.965418874389448e-39"
"168.60000000000002","6.601662740561457e-39"
"168.70000000000002","6.256903098873226e-39"
"168.8","5.930147892614075e-39"
"168.9","5.620456873402457e-39"
"169.0","5.326938895591676e-39"
"169.10000000000002","5.048749351970262e-39"
"169.20000000000002","4.7850877433781646e-39"
"169.3","4.5351953752452394e-39"
"169.4","4.29835317442377e-39"
"169.5","4.0738796200328694e-39"
"169.60000000000002","3.8611287823607125e-39"
"169.70000000000002","3.6594884641814806e-39"
"169.8","3.46837843913859e-39"
"169.9","3.287248782125105e-39"
"170.0","3.115578286856948e-39"
"170.10000000000002","2.9528729660854297e-39"
"170.20000000000002","2.7986646301334038e-39"
"170.3","2.652509539664748e-39"
"170.4","2.5139871288104705e-39"
"170.5","2.382698794977196e-39"
"170.60000000000002","2.25826675185567e-39"
"170.70000000000002","2.1403329423287705e-39"
"170.8","2.0285580081508963e-39"
"170.9","1.922620313433942e-39"
"171.0","1.8222150191299156e-39"
"171.10000000000002","1.727053205846992e-39"
"171.20000000000002","1.6368610424748778e-39"
"171.3","1.5513789982271787e-39"
"171.4","1.470361095833401e-39"
"171.5","1.3935742037316206e-39"
"171.60000000000002","1.320797365225082e-39"
"171.70000000000002","1.251821162672355e-39"
"171.8","1.186447114881486e-39"
"171.9","1.1244871059741258e-39"
"172.0","1.065762844076175e-39"
"172.10000000000002","1.0101053482773087e-39"
"172.20000000000002","9.573544623830936e-40"
"172.3","9.073583940605011e-40"
"172.4","8.59973278050697e-40"
"172.5","8.150627621922337e-40"
"172.60000000000002","7.724976150634188e-40"
"172.70000000000002","7.321553541148345e-40"
"172.8","6.939198932219501e-40"
"172.9","6.576812086436483e-40"
"173.0","6.233350224254499e-40"
"173.10000000000002","5.907825023364206e-40"
"173.20000000000002","5.599299774763187e-40"
"173.3","5.3068866873463395e-40"
"173.4","5.029744333259048e-40"
"173.5","4.767075226662076e-40"
"173.60000000000002","4.518123528940984e-40"
"173.70000000000002","4.282172873756745e-40"
"173.8","4.058544305679079e-40"
"173.9","3.846594326470853e-40"
"174.0","3.64571304340166e-40"
"174.10000000000002","3.4553224142623156e-40"
"174.20000000000002","3.27487458403022e-40"
"174.3","3.103850308399301e-40"
"174.4","2.9417574596381966e-40"
"174.5","2.788129610477231e-40"
"174.60000000000002","2.642524691949278e-40"
"174.70000000000002","2.504523721322406e-40"
"174.8","2.373729596463894e-40"
"174.9","2.249765953166351e-40"
"175.0","2.13227608214788e-40"
"175.10000000000002","2.020921902609898e-40"
"175.20000000000002","1.915382989399008e-40"
"175.3","1.8153556509735413e-40"
"175.4","1.7205520555216e-40"
"175.5","1.6306994027159636e-40"
"175.60000000000002","1.5455391387225694e-40"
"175.70000000000002","1.4648262122037252e-40"
"175.8","1.3883283691751772e-40"
"175.9","1.3158254846879684e-40"
"176.0","1.2471089294119737e-40"
"176.10000000000002","1.1819809692984434e-40"
"176.20000000000002","1.1202541965940593e-40"
"176.3","1.0617509905692304e-40"
"176.4","1.006303006408858e-40"
"176.5","9.537506907948373e-41"
"176.60000000000002","9.039428227863657e-41"
"176.70000000000002","8.567360786769309e-41"
"176.8","8.119946195758382e-41"
"176.9","7.695897005275307e-41"
"177.0","7.293993000439309e-41"
"177.10000000000002","6.913077689837719e-41"
"177.20000000000002","6.55205497768556e-41"
"177.3","6.209886009775463e-41"
"177.4","5.88558618414201e-41"
"177.5","5.57822231783862e-41"
"177.60000000000002","5.286909961674275e-41"
"177.70000000000002","5.010810855183152e-41"
"177.8","4.749130514503781e-41"
"177.9","4.501115946226741e-41"
"178.0","4.2660534806324547e-41"
"178.10000000000002","4.043266718084117e-41"
"178.20000000000002","3.832114582666476e-41"
"178.3","3.6319894774697247e-41"
"178.4","3.4423155362102854e-41"
"178.5","3.2625469661574697e-41"
"178.60000000000002","3.0921664775977327e-41"
"178.70000000000002","2.9306837953172554e-41"
"178.8","2.7776342478195973e-41"
"178.9","2.632577430218855e-41"
"179.0","2.4950959369607514e-41"
"179.10000000000002","2.3647941607250286e-41"
"179.20000000000002","2.2412971540529427e-41"
"179.3","2.1242495504241596e-41"
"179.4","2.013314541678419e-41"
"179.5","1.9081729088394588e-41"
"179.60000000000002","1.8085221035523758e-41"
"179.70000000000002","1.7140753774912182e-41"
"179.8","1.624560957231659e-41"
"179.9","1.5397212622144245e-41"
"180.0","1.4593121635491316e-41"
"180.10000000000002","1.3831022815257302e-41"
"180.20000000000002","1.3108723198121103e-41"
"180.3","1.2424144344220113e-41"
"180.4","1.1775316356374148e-41"
"180.5","1.1160372211644354e-41"
"180.60000000000002","1.0577542388916002e-41"
"180.70000000000002","1.002514977704583e-41"
"180.8","9.501604848921979e-42"
"180.9","9.00540108754975e-42"
"181.0","8.535110651001577e-42"
"181.10000000000002","8.089380263756979e-42"
"181.20000000000002","7.666927322609684e-42"
"181.3","7.266536205936582e-42"
"181.4","6.887054775708265e-42"
"181.5","6.527391062175625e-42"
"181.60000000000002","6.186510121692557e-42"
"181.70000000000002","5.863431058633068e-42"
"181.8","5.5572242028332734e-42"
"181.9","5.2670084344362625e-42"
"182.0","4.991948648442e-42"
"182.10000000000002","4.731253351666427e-42"
"182.20000000000002","4.4841723851949366e-42"
"182.3","4.2499947657765016e-42"
"182.4","4.0280466399470156e-42"
"182.5","3.8176893449947586e-42"
"182.60000000000002","3.618317571188357e-42"
"182.70000000000002","3.4293576199789997e-42"
"182.8","3.2502657531648205e-42"
"182.9","3.080526628267124e-42"
"183.0","2.919651815616198e-42"
"183.10000000000002","2.7671783928795762e-42"
"183.20000000000002","2.6226676129884728e-42"
"183.3","2.485703641629292e-42"
"183.4","2.3558923606673142e-42"
"183.5","2.2328602340593704e-42"
"183.60000000000002","2.1162532329921308e-42"
"183.70000000000002","2.0057358171530608e-42"
"183.8","1.9009899692026202e-42"
"183.9","1.8017142796693684e-42"
"184.0","1.707623079634731e-42"
"184.10000000000002","1.618445618711704e-42"
"184.20000000000002","1.5339252859521004e-42"
"184.3","1.453818871440476e-42"
"184.4","1.3778958664499517e-42"
"184.5","1.3059378001461015e-42"
"184.60000000000002","1.2377376109302564e-42"
"184.70000000000002","1.1730990506132431e-42"
"184.8","1.1118361197050477e-42"
"184.9","1.0537725321954344e-42"
"185.0","9.987412082854069e-43"
"185.10000000000002","9.465837936098334e-43"
"185.20000000000002","8.971502035677804e-43"
"185.3","8.502981914493537e-43"
"185.4","8.058929391163183e-43"
"185.5","7.63806669058665e-43"
"185.60000000000002","7.239182767108078e-43"
"185.70000000000002","6.861129819693874e-43"
"185.8","6.5028199890991475e-43"
"185.9","6.163222227518524e-43"
"186.0","5.841359331713654e-43"
"186.10000000000002","5.536305131080175e-43"
"186.20000000000002","5.247181822562663e-43"
"186.3","4.973157444748742e-43"
"186.4","4.7134434838739526e-43"
"186.5","4.467292604848602e-43"
"186.60000000000002","4.233996500777539e-43"
"186.70000000000002","4.012883854784791e-43"
"186.8","3.803318408278139e-43"
"186.9","3.604697130095015e-43"
"187.0","3.4164484812613643e-43"
"187.10000000000002","3.2380307703702756e-43"
"187.20000000000002","3.0689305948479225e-43"
"187.3","2.9086613636215132e-43"
"187.4","2.7567618969381748e-43"
"187.5","2.6127950993057136e-43"
"187.60000000000002","2.4763467017365896e-43"
"187.70000000000002","2.3470240696758782e-43"
"187.8","2.22445507318299e-43"
"187.9","2.1082870161160652e-43"
"188.0","1.998185621237734e-43"
"188.10000000000002","1.8938340683218536e-43"
"188.20000000000002","1.7949320824933446e-43"
"188.3","1.7011950701777953e-43"
"188.4","1.6123533001745005e-43"
"188.5","1.528151127496452e-43"
"188.60000000000002","1.4483462577438455e-43"
"188.70000000000002","1.372709049894329e-43"
"188.8","1.3010218555037365e-43"
"188.9","1.2330783924158481e-43"
"189.0","1.1686831511789971e-43"
"189.10000000000002","1.1076508324614742e-43"
"189.20000000000002","1.0498058138468745e-43"
"189.3","9.949816444750703e-44"
"189.4","9.430205660746284e-44"
"189.5","8.937730590084206e-44"
"189.60000000000002","8.47097412026168e-44"
"189.70000000000002","8.02859314485861e-44"
"189.8","7.609314698706629e-44"
"189.9","7.211932294891804e-44"
"190.0","6.835302453050593e-44"
"190.10000000000002","6.478341408969147e-44"
"190.20000000000002","6.140021996017694e-44"
"190.3","5.819370689446271e-44"
"190.4","5.515464805036632e-44"
"190.5","5.227429844049402e-44"
"190.60000000000002","4.954436976826445e-44"
"190.70000000000002","4.695700657807468e-44"
"190.8","4.450476365097961e-44"
"190.9","4.2180584580840354e-44"
"191.0","3.997778146929367e-44"
"191.10000000000002","3.789001568111409e-44"
"191.20000000000002","3.591127960459175e-44"
"191.3","3.4035879364440745e-44"
"191.4","3.2258418437493954e-44"
"191.5","3.0573782124037937e-44"
"191.60000000000002","2.897712283010362e-44"
"191.70000000000002","2.746384611836225e-44"
"191.8","2.602959748748748e-44"
"191.9","2.4670249841940867e-44"
"192.0","2.338189161612467e-44"
"192.10000000000002","2.2160815518728853e-44"
"192.20000000000002","2.1003507864883731e-44"
"192.3","1.9906638465421286e-44"
"192.4","1.8867051044151092e-44"
"192.5","1.788175415557634e-44"
"192.60000000000002","1.6947912576915325e-44"
"192.70000000000002","1.6062839149658746e-44"
"192.8","1.5223987047186598e-44"
"192.9","1.4428942446194465e-44"
"193.0","1.3675417580841072e-44"
"193.10000000000002","1.2961244159630112e-44"
"193.20000000000002","1.2284367126083303e-44"
"193.3","1.1642838745250725e-44"
"193.4","1.1034812999042262e-44"
"193.5","1.0458540274252495e-44"
"193.60000000000002","9.912362327993677e-45"
"193.70000000000002","9.394707516049683e-45"
"193.8","8.904086270420351e-45"
"193.9","8.439086813042719e-45"
"194.0","7.998371093355253e-45"
"194.10000000000002","7.580670938015275e-45"
"194.20000000000002","7.1847844016903e-45"
"194.3","6.809572308422526e-45"
"194.4","6.453954973614209e-45"
"194.5","6.116909097201266e-45"
"194.60000000000002","5.797464819075172e-45"
"194.70000000000002","5.494702928279992e-45"
"194.8","5.20775221795395e-45"
"194.9","4.935786978404285e-45"
"195.0","4.6780246211016503e-45"
"195.10000000000002","4.433723426757003e-45"
"195.20000000000002","4.2021804110010275e-45"
"195.3","3.982729301524508e-45"
"195.4","3.7747386208588023e-45"
"195.5","3.577609869279571e-45"
"195.60000000000002","3.390775802604998e-45"
"195.70000000000002","3.21369879993282e-45"
"195.8","3.045869316619272e-45"
"195.9","2.886804418048351e-45"
"196.0","2.736046389972275e-45"
"196.10000000000002","2.5931614214243374e-45"
"196.20000000000002","2.457738356414209e-45"
"196.3","2.3293875108136473e-45"
"196.4","2.207739551028163e-45"
"196.5","2.092444431227985e-45"
"196.60000000000002","1.9831703860801802e-45"
"196.70000000000002","1.8796029760834735e-45"
"196.8","1.781444182758694e-45"
"196.9","1.688411551091231e-45"
"197.0","1.6002373767578454e-45"
"197.10000000000002","1.5166679357990623e-45"
"197.20000000000002","1.4374627545204983e-45"
"197.3","1.362393917522243e-45"
"197.4","1.2912454118651293e-45"
"197.5","1.223812505486708e-45"
"197.60000000000002","1.1599011580782989e-45"
"197.70000000000002","1.0993274627279018e-45"
"197.8","1.0419171167222727e-45"
"197.9","9.875049199853861e-46"
"198.0","9.359342997100202e-46"
"198.10000000000002","8.870568598145813e-46"
"198.20000000000002","8.407319539287117e-46"
"198.3","7.968262806789364e-46"
"198.4","7.552135001097684e-46"
"198.5","7.15773870136515e-46"
"198.60000000000002","6.783939019836621e-46"
"198.70000000000002","6.429660336173547e-46"
"198.8","6.093883202322614e-46"
"198.9","5.775641409021918e-46"
"199.0","5.4740192055034215e-46"
"199.10000000000002","5.1881486643913284e-46"
"199.20000000000002","4.917207184213759e-46"
"199.3","4.660415122341154e-46"
"199.4","4.417033551540084e-46"
"199.5","4.1863621336869e-46"
"199.60000000000002","3.967737104522759e-46"
"199.70000000000002","3.7605293636510976e-46"
"199.8","3.5641426642814545e-46"
"199.9","3.3780118975105814e-46"
"200.0","3.2016014662038042e-46"
