,time,Infectious
0,0.0,0.0050000000000000044
1,0.2,0.005106614605604862
2,0.4,0.0052291398671402
3,0.6000000000000001,0.005368393931540502
4,0.8,0.005525297723437238
5,1.0,0.005700795490309544
6,1.2000000000000002,0.005895877067122642
7,1.4000000000000001,0.006111621398250265
8,1.6,0.00634914911453764
9,1.8,0.0066096460602934936
10,2.0,0.006894352420792751
11,2.2,0.0072045738384299935
12,2.4000000000000004,0.0075416588870616695
13,2.6,0.007907012970595128
14,2.8000000000000003,0.008302090601052832
15,3.0,0.008728392367829279
16,3.2,0.009187457200378498
17,3.4000000000000004,0.009680859138155402
18,3.6,0.010210194780463887
19,3.8000000000000003,0.010777093982903007
20,4.0,0.011383180107930616
21,4.2,0.012030083192247175
22,4.4,0.012719437338686527
23,4.6000000000000005,0.013452828313532558
24,4.800000000000001,0.014231822457807648
25,5.0,0.015057925523628769
26,5.2,0.015932597423432553
27,5.4,0.01685720145738174
28,5.6000000000000005,0.017833026589131246
29,5.800000000000001,0.01886123710819623
30,6.0,0.019942893470985133
31,6.2,0.021078899125535046
32,6.4,0.022270030853455674
33,6.6000000000000005,0.023516891573058366
34,6.800000000000001,0.024819911496782764
35,7.0,0.02617934356905169
36,7.2,0.027595252508789348
37,7.4,0.02906748789290311
38,7.6000000000000005,0.030595715349704233
39,7.800000000000001,0.03217940289523772
40,8.0,0.03381780608607522
41,8.200000000000001,0.03550999216901557
42,8.4,0.03725482304178032
43,8.6,0.03905097665262934
44,8.8,0.04089695057166353
45,9.0,0.042791063123227405
46,9.200000000000001,0.044731481767305216
47,9.4,0.04671621641512612
48,9.600000000000001,0.04874314277985048
49,9.8,0.050810015058136364
50,10.0,0.052914472166449754
51,10.200000000000001,0.0550540617093437
52,10.4,0.057226245622291734
53,10.600000000000001,0.05942841657887409
54,10.8,0.06165791208634182
55,11.0,0.06391202514744221
56,11.200000000000001,0.06618801632195939
57,11.4,0.06848312688668998
58,11.600000000000001,0.07079458869602542
59,11.8,0.07311963052278528
60,12.0,0.0754554938527266
61,12.200000000000001,0.07779943681523879
62,12.4,0.08014873964978739
63,12.600000000000001,0.08250071952069164
64,12.8,0.08485272907200467
65,13.0,0.08720216442571957
66,13.200000000000001,0.08954647490701675
67,13.4,0.09188315990779532
68,13.600000000000001,0.0942097782140218
69,13.8,0.09652395267495442
70,14.0,0.09882336768633632
71,14.200000000000001,0.10110577779176394
72,14.4,0.10336900865667607
73,14.600000000000001,0.10561095611835936
74,14.8,0.10782959332672058
75,15.0,0.11002297039776525
76,15.200000000000001,0.11218921187911647
77,15.4,0.11432652306638998
78,15.600000000000001,0.11643318961674258
79,15.8,0.11850757561765317
80,16.0,0.12054812691844202
81,16.2,0.12255337100045809
82,16.400000000000002,0.12452191495975505
83,16.6,0.12645244729295696
84,16.8,0.12834373763221385
85,17.0,0.13019463461651676
86,17.2,0.13200406647673943
87,17.400000000000002,0.13377104057175368
88,17.6,0.13549464107707465
89,17.8,0.13717402866285877
90,18.0,0.13880843983832625
91,18.2,0.1403971842237775
92,18.400000000000002,0.14193964384644922
93,18.6,0.14343527250464155
94,18.8,0.14488359380274285
95,19.0,0.14628419710488663
96,19.200000000000003,0.14763673783055947
97,19.400000000000002,0.1489409361537647
98,19.6,0.15019657453219107
99,19.8,0.1514034940108357
100,20.0,0.15256159428392543
101,20.200000000000003,0.15367083159625605
102,20.400000000000002,0.15473121624692485
103,20.6,0.15574280930734527
104,20.8,0.15670572232493496
105,21.0,0.15762011489429126
106,21.200000000000003,0.15848619219919474
107,21.400000000000002,0.15930420236801843
108,21.6,0.16007443553377956
109,21.8,0.16079722145148279
110,22.0,0.16147292722106674
111,22.200000000000003,0.16210195522248724
112,22.400000000000002,0.16268474151457518
113,22.6,0.16322175377496032
114,22.8,0.16371348934823682
115,23.0,0.16416047340688777
116,23.200000000000003,0.16456325711273054
117,23.400000000000002,0.1649224157898932
118,23.6,0.16523854722084647
119,23.8,0.1655122703836037
120,24.0,0.1657442232549157
121,24.200000000000003,0.16593506128679955
122,24.400000000000002,0.16608545587608253
123,24.6,0.16619609322136156
124,24.8,0.1662676729160574
125,25.0,0.16630090604675832
126,25.200000000000003,0.16629651407539628
127,25.400000000000002,0.16625522756318906
128,25.6,0.1661777851733269
129,25.8,0.16606493221138352
130,26.0,0.16591741950513586
131,26.200000000000003,0.1657360023452642
132,26.400000000000002,0.1655214394893754
133,26.6,0.16527449220470228
134,26.8,0.1649959232152621
135,27.0,0.16468649584416573
136,27.200000000000003,0.16434697316003827
137,27.400000000000002,0.16397811718224975
138,27.6,0.16358068809578014
139,27.8,0.16315544352707673
140,28.0,0.1627031378662993
141,28.200000000000003,0.1622245215985973
142,28.400000000000002,0.16172034064801738
143,28.6,0.16119133589119
144,28.8,0.160638242598296
145,29.0,0.16006178993375986
146,29.200000000000003,0.15946270036407018
147,29.400000000000002,0.1588416893381519
148,29.6,0.15819946492701914
149,29.8,0.1575367274249409
150,30.0,0.1568541690218458
151,30.200000000000003,0.1561524735025545
152,30.400000000000002,0.15543231558034254
153,30.6,0.1546943608886131
154,30.8,0.15393926595259827
155,31.0,0.15316767783686897
156,31.200000000000003,0.15238023396939993
157,31.400000000000002,0.15157756199063416
158,31.6,0.15076027923179042
159,31.8,0.14992899273428373
160,32.0,0.1490842994840062
161,32.2,0.14822678612850937
162,32.4,0.14735702891486757
163,32.6,0.1464755936476922
164,32.800000000000004,0.1455830353338708
165,33.0,0.14467989814851745
166,33.2,0.1437667158840376
167,33.4,0.1428440117203441
168,33.6,0.14191229824396495
169,33.800000000000004,0.140972077482385
170,34.0,0.14002384070949814
171,34.2,0.13906806835943386
172,34.4,0.13810523058333157
173,34.6,0.13713578708655266
174,34.800000000000004,0.13616018720093231
175,35.0,0.13517886997107786
176,35.2,0.1341922640811744
177,35.4,0.1332007877436986
178,35.6,0.13220484928961235
179,35.800000000000004,0.13120484707302787
180,36.0,0.13020116957409833
181,36.2,0.12919419551792966
182,36.4,0.1281842938922515
183,36.6,0.12717182384491432
184,36.800000000000004,0.12615713523547833
185,37.0,0.12514056861066963
186,37.2,0.12412245532286531
187,37.4,0.12310311766752456
188,37.6,0.12208286892846389
189,37.800000000000004,0.1210620132347952
190,38.0,0.12004084624350249
191,38.2,0.11901965510153562
192,38.400000000000006,0.11799871856444157
193,38.6,0.11697830714770503
194,38.800000000000004,0.1159586832810419
195,39.0,0.11494010146551398
196,39.2,0.11392280821179696
197,39.400000000000006,0.11290704153756592
198,39.6,0.11189303235607513
199,39.800000000000004,0.11088100420247349
200,40.0,0.10987117331299566
201,40.2,0.10886374877340527
202,40.400000000000006,0.10785893266833792
203,40.6,0.10685692023146182
204,40.800000000000004,0.10585789986043892
205,41.0,0.10486205285981337
206,41.2,0.10386955434621463
207,41.400000000000006,0.10288057313011091
208,41.6,0.10189527181361224
209,41.800000000000004,0.10091380693012236
210,42.0,0.09993632908366601
211,42.2,0.09896298308784279
212,42.400000000000006,0.09799390800608276
213,42.6,0.09702923699366417
214,42.800000000000004,0.09606909798118407
215,43.0,0.09511361361545284
216,43.2,0.09416290135592292
217,43.400000000000006,0.09321707360065556
218,43.6,0.0922762378111851
219,43.800000000000004,0.09134049663625682
220,44.0,0.090409947970987
221,44.2,0.08948468488689831
222,44.400000000000006,0.08856479610544038
223,44.6,0.08765036599023451
224,44.800000000000004,0.08674147463903886
225,45.0,0.08583819799404607
226,45.2,0.0849406079506464
227,45.400000000000006,0.08404877246464171
228,45.6,0.08316275563109399
229,45.800000000000004,0.0822826177077125
230,46.0,0.08140841536748455
231,46.2,0.08054020174587895
232,46.400000000000006,0.0796780265294435
233,46.6,0.07882193605117949
234,46.800000000000004,0.07797197338423695
235,47.0,0.07712817843393166
236,47.2,0.07629058801331301
237,47.400000000000006,0.07545923588742953
238,47.6,0.07463415294339809
239,47.800000000000004,0.073815367246023
240,48.0,0.07300290411556515
241,48.2,0.07219678620849213
242,48.400000000000006,0.07139703359652433
243,48.6,0.07060366384398475
244,48.800000000000004,0.06981669208313046
245,49.0,0.06903613108766371
246,49.2,0.06826199134743349
247,49.400000000000006,0.06749428113825495
248,49.6,0.06673300659095471
249,49.800000000000004,0.0659781717589143
250,50.0,0.06522977868398883
251,50.2,0.06448782746081483
252,50.400000000000006,0.06375231630652178
253,50.6,0.06302324164759843
254,50.800000000000004,0.06230059813602551
255,51.0,0.061584378721812764
256,51.2,0.06087457471325008
257,51.400000000000006,0.060171175832764996
258,51.6,0.05947417027129287
259,51.800000000000004,0.058783544741171534
260,52.0,0.058099284536789364
261,52.2,0.05742137362417876
262,52.400000000000006,0.05674979462528217
263,52.6,0.056084528885065876
264,52.800000000000004,0.05542555652346359
265,53.0,0.054772856481000054
266,53.2,0.05412640656307866
267,53.400000000000006,0.05348618348295019
268,53.6,0.052852162913617384
269,53.800000000000004,0.052224319579901035
270,54.0,0.05160262721719855
271,54.2,0.05098705863217967
272,54.400000000000006,0.05037758574806506
273,54.6,0.04977417964152575
274,54.800000000000004,0.04917681057841661
275,55.0,0.0485854480483513
276,55.2,0.04800006080738983
277,55.400000000000006,0.047420616965274554
278,55.6,0.04684708393497816
279,55.800000000000004,0.04627942848370492
280,56.0,0.04571761677184427
281,56.2,0.04516161438246924
282,56.400000000000006,0.04461138634982664
283,56.6,0.044066897186828435
284,56.800000000000004,0.04352811091950659
285,57.0,0.04299499116820027
286,57.2,0.042467501092998794
287,57.400000000000006,0.04194560343515075
288,57.6,0.04142926055064067
289,57.800000000000004,0.04091843443349186
290,58.0,0.04041308673820976
291,58.2,0.039913178801372906
292,58.400000000000006,0.03941867166884494
293,58.6,0.03892952616927314
294,58.800000000000004,0.03844570286034443
295,59.0,0.037967162060909776
296,59.2,0.037493863879827116
297,59.400000000000006,0.0370257682341254
298,59.6,0.03656283486644296
299,59.800000000000004,0.03610502336174626
300,60.0,0.03565229317190666
301,60.2,0.035204603709675375
302,60.400000000000006,0.034761914244158754
303,60.6,0.03432418393671388
304,60.800000000000004,0.03389137187310354
305,61.0,0.03346343707684263
306,61.2,0.03304033852189603
307,61.400000000000006,0.03262203514473172
308,61.6,0.03220848585573477
309,61.800000000000004,0.03179964954998693
310,62.0,0.0313954851174163
311,62.2,0.030995951452326035
312,62.400000000000006,0.030601007643333622
313,62.6,0.030210612885623767
314,62.800000000000004,0.029824726289079062
315,63.0,0.029443307025989407
316,63.2,0.029066314339930118
317,63.400000000000006,0.028693707554138918
318,63.6,0.02832544607939036
319,63.800000000000004,0.027961489421375888
320,64.0,0.027601797187589483
321,64.2,0.027246329093726485
322,64.4,0.026895044969593385
323,64.60000000000001,0.02654790482050473
324,64.8,0.026204868982639188
325,65.0,0.025865897798490245
326,65.2,0.0255309517463137
327,65.4,0.025199991464329385
328,65.60000000000001,0.024872977755890147
329,65.8,0.02454987159427091
330,66.0,0.0242306341270756
331,66.2,0.02391522668027246
332,66.4,0.023603610761852356
333,66.60000000000001,0.023295748065117805
334,66.8,0.02299160047805504
335,67.0,0.02269113025664926
336,67.2,0.022394299824123776
337,67.4,0.022101071754568102
338,67.60000000000001,0.021811408837625113
339,67.8,0.02152527408136562
340,68.0,0.02124263071487864
341,68.2,0.020963442190578774
342,68.4,0.020687672186232797
343,68.60000000000001,0.020415284606709494
344,68.8,0.020146243585450252
345,69.0,0.019880513485667994
346,69.2,0.019618058973832952
347,69.4,0.019358845045504003
348,69.60000000000001,0.019102836844607674
349,69.8,0.018849999759575242
350,70.0,0.01860029942666397
351,70.2,0.018353701730971506
352,70.4,0.018110172807242697
353,70.60000000000001,0.01786967904047132
354,70.8,0.017632187066297766
355,71.0,0.017397663771201888
356,71.2,0.01716607629249778
357,71.4,0.01693739203434963
358,71.60000000000001,0.01671157876989504
359,71.8,0.016488604469491852
360,72.0,0.016268437343892717
361,72.2,0.016051045863995972
362,72.4,0.0158363987607677
363,72.60000000000001,0.015624465025015133
364,72.8,0.015415213907012393
365,73.0,0.015208614915977801
366,73.2,0.015004637819408972
367,73.4,0.014803252642269336
368,73.60000000000001,0.014604429666344567
369,73.8,0.01440813950084008
370,74.0,0.014214353024833093
371,74.2,0.01402304133593768
372,74.4,0.013834175792223792
373,74.60000000000001,0.01364772801140135
374,74.8,0.01346366986990055
375,75.0,0.013281973501846789
376,75.2,0.013102611297935107
377,75.4,0.012925555904200746
378,75.60000000000001,0.01275078022068954
379,75.8,0.012578257400027382
380,76.0,0.012407960872880208
381,76.2,0.012239864391099808
382,76.4,0.012073941900152652
383,76.60000000000001,0.011910167592343535
384,76.80000000000001,0.011748515910382396
385,77.0,0.011588961545865084
386,77.2,0.011431479437672754
387,77.4,0.011276044770295424
388,77.60000000000001,0.011122632972075608
389,77.80000000000001,0.010971219713376112
390,78.0,0.010821780904671119
391,78.2,0.010674292694560439
392,78.4,0.010528731467709718
393,78.60000000000001,0.010385073851807314
394,78.80000000000001,0.010243296843510996
395,79.0,0.010103377622387444
396,79.2,0.009965293566666644
397,79.4,0.009829022289559952
398,79.60000000000001,0.009694541637565224
399,79.80000000000001,0.009561829688727208
400,80.0,0.009430864750854862
401,80.2,0.009301625359693366
402,80.4,0.009174090277052294
403,80.60000000000001,0.009048238488892246
404,80.80000000000001,0.008924049203367757
405,81.0,0.008801501848827109
406,81.2,0.008680576071772417
407,81.4,0.008561251779904855
408,81.60000000000001,0.008443509125345305
409,81.80000000000001,0.008327328431934844
410,82.0,0.008212690238203035
411,82.2,0.008099575295669847
412,82.4,0.007987964566989691
413,82.60000000000001,0.007877839224070482
414,82.80000000000001,0.007769180646168495
415,83.0,0.007661970417956686
416,83.2,0.007556190327569046
417,83.4,0.007451822364621718
418,83.60000000000001,0.0073488487182078455
419,83.80000000000001,0.007247251774870067
420,84.0,0.007147014129596729
421,84.2,0.007048118626656441
422,84.4,0.006950548266171364
423,84.60000000000001,0.006854286235109086
424,84.80000000000001,0.0067593159118648485
425,85.0,0.006665620864440113
426,85.2,0.006573184848610248
427,85.4,0.006481991806084553
428,85.60000000000001,0.006392025862651751
429,85.80000000000001,0.006303271326316917
430,86.0,0.006215712685430974
431,86.2,0.006129334606806425
432,86.4,0.006044121933825308
433,86.60000000000001,0.0059600596857456445
434,86.80000000000001,0.005877133095988363
435,87.0,0.005795327562143626
436,87.2,0.005714628637378927
437,87.4,0.005635022045126115
438,87.60000000000001,0.00555649367739286
439,87.80000000000001,0.0054790295930767785
440,88.0,0.005402616016276007
441,88.2,0.005327239334603107
442,88.4,0.00525288609749941
443,88.60000000000001,0.00517954301454826
444,88.80000000000001,0.005107196953791471
445,89.0,0.005035834940044115
446,89.2,0.004965444153213094
447,89.4,0.004896011933725797
448,89.60000000000001,0.004827525783305808
449,89.80000000000001,0.0047599733444477765
450,90.0,0.004693342408830126
451,90.2,0.004627620915979125
452,90.4,0.004562796951681158
453,90.60000000000001,0.004498858746402434
454,90.80000000000001,0.004435794673711579
455,91.0,0.004373593248706897
456,91.2,0.00431224312645162
457,91.4,0.004251733100408939
458,91.60000000000001,0.004192052100888022
459,91.80000000000001,0.004133189193489928
460,92.0,0.004075133509439777
461,92.2,0.004017874567386226
462,92.4,0.003961401733237224
463,92.60000000000001,0.0039057046098519566
464,92.80000000000001,0.0038507729283074887
465,93.0,0.00379659654659048
466,93.2,0.0037431654482887877
467,93.4,0.003690469741279179
468,93.60000000000001,0.0036384996564149397
469,93.80000000000001,0.0035872455462101493
470,94.0,0.003536697883523176
471,94.2,0.0034868472602388456
472,94.4,0.0034376843859470485
473,94.60000000000001,0.0033892000866668766
474,94.80000000000001,0.0033413853101529334
475,95.0,0.0032942311183243866
476,95.2,0.003247728682030715
477,95.4,0.0032018692836391915
478,95.60000000000001,0.0031566443157251545
479,95.80000000000001,0.003112045279763387
480,96.0,0.0030680637848155
481,96.2,0.0030246915462183166
482,96.4,0.0029819203842703645
483,96.60000000000001,0.002939742222915376
484,96.80000000000001,0.0028981490884268934
485,97.0,0.0028571331080914364
486,97.2,0.0028166865119482187
487,97.4,0.002776801644114979
488,97.60000000000001,0.0027374709360146188
489,97.80000000000001,0.002698686913484294
490,98.0,0.0026604421976568204
491,98.2,0.0026227295036809206
492,98.4,0.0025855416394362507
493,98.60000000000001,0.002548871504249206
494,98.80000000000001,0.002512712087608282
495,99.0,0.0024770564678778806
496,99.2,0.0024418978110108958
497,99.4,0.002407229369261854
498,99.60000000000001,0.0023730444798963912
499,99.80000000000001,0.002339336595775121
500,100.0,0.0023060992690413507
501,100.2,0.0022733261059375565
502,100.4,0.0022410107951252867
503,100.60000000000001,0.002209147106546294
504,100.80000000000001,0.0021777288902550263
505,101.0,0.0021467500752487823
506,101.2,0.0021162046682997593
507,101.4,0.0020860867527834337
508,101.60000000000001,0.002056390487508941
509,101.80000000000001,0.0020271101055473473
510,102.0,0.0019982399130600292
511,102.2,0.001969774294024451
512,102.4,0.0019417077568019139
513,102.60000000000001,0.0019140348533848162
514,102.80000000000001,0.0018867501956794097
515,103.0,0.0018598484657410541
516,103.2,0.0018333244147349383
517,103.4,0.0018071728619000194
518,103.60000000000001,0.0017813886935094114
519,103.80000000000001,0.0017559668618335464
520,104.0,0.0017309023840998972
521,104.2,0.0017061903414538058
522,104.4,0.0016818258779196515
523,104.60000000000001,0.001657804199359014
524,104.80000000000001,0.001634120598368094
525,105.0,0.0016107704590551108
526,105.2,0.001587749190378629
527,105.4,0.0015650522609832462
528,105.60000000000001,0.0015426751990688103
529,105.80000000000001,0.0015206135914841434
530,106.0,0.0014988630828175475
531,106.2,0.0014774193744906405
532,106.4,0.0014562782238485283
533,106.60000000000001,0.0014354354432520866
534,106.80000000000001,0.001414886899168355
535,107.0,0.0013946285112622636
536,107.2,0.0013746562539500573
537,107.4,0.0013549661983078831
538,107.60000000000001,0.0013355544512935191
539,107.80000000000001,0.0013164171577361161
540,108.0,0.0012975505136331167
541,108.2,0.0012789507653595544
542,108.4,0.001260614208876354
543,108.60000000000001,0.0012425371889387415
544,108.80000000000001,0.0012247160983037686
545,109.0,0.001207147376938833
546,109.2,0.0011898275112292023
547,109.4,0.0011727530331852032
548,109.60000000000001,0.0011559205196496336
549,109.80000000000001,0.0011393266070960362
550,110.0,0.0011229680096784822
551,110.2,0.001106841454041274
552,110.4,0.0010909437085059315
553,110.60000000000001,0.0010752715844566385
554,110.80000000000001,0.0010598219356454663
555,111.0,0.0010445916574939318
556,111.2,0.001029577686399663
557,111.4,0.0010147769990380695
558,111.60000000000001,0.0010001866116664537
559,111.80000000000001,0.0009858035794269027
560,112.0,0.0009716249956507328
561,112.2,0.0009576479911598268
562,112.4,0.000943869743358583
563,112.60000000000001,0.0009302875110251962
564,112.80000000000001,0.0009168985583130063
565,113.0,0.0009037001805258793
566,113.2,0.0008906897093485799
567,113.4,0.0008778645122548001
568,113.60000000000001,0.0008652219919185189
569,113.80000000000001,0.000852759585619256
570,114.0,0.0008404747646540978
571,114.2,0.0008283650337432835
572,114.4,0.0008164279304410105
573,114.60000000000001,0.0008046610245426855
574,114.80000000000001,0.0007930619174928433
575,115.0,0.0007816282455400669
576,115.2,0.0007703577138625795
577,115.4,0.0007592480394251755
578,115.60000000000001,0.0007482969614472923
579,115.80000000000001,0.0007375022497492223
580,116.0,0.0007268617042457404
581,116.2,0.0007163731544403973
582,116.4,0.000706034458919147
583,116.60000000000001,0.000695843504845195
584,116.80000000000001,0.0006857982074516267
585,117.0,0.0006758965095359226
586,117.2,0.0006661363809533638
587,117.4,0.0006565158181116582
588,117.60000000000001,0.0006470328444780904
589,117.80000000000001,0.0006376855410470395
590,118.0,0.0006284720067858407
591,118.2,0.0006193903541815704
592,118.4,0.0006104387214284079
593,118.60000000000001,0.0006016152719979795
594,118.80000000000001,0.0005929181942095907
595,119.0,0.0005843457007999042
596,119.2,0.0005758960284936165
597,119.4,0.0005675674375733575
598,119.60000000000001,0.0005593582114492568
599,119.80000000000001,0.0005512666562296209
600,120.0,0.0005432911002900553
601,120.2,0.0005354298938792246
602,120.4,0.0005276814311909739
603,120.60000000000001,0.0005200441319741511
604,120.80000000000001,0.000512516422040088
605,121.0,0.0005050967487632008
606,121.2,0.0004977835807188358
607,121.4,0.0004905754073172286
608,121.60000000000001,0.00048347073844179356
609,121.80000000000001,0.00047646810408363827
610,122.0,0.0004695660539781876
611,122.2,0.00046276315724036454
612,122.4,0.000456058002001658
613,122.60000000000001,0.0004494491950453039
614,122.80000000000001,0.00044293536144179857
615,123.0,0.0004365151575856929
616,123.2,0.0004301872712682009
617,123.4,0.0004239503911419584
618,123.60000000000001,0.00041780322366069544
619,123.80000000000001,0.00041174449303227334
620,124.0,0.000405772940910043
621,124.2,0.0003998873260865343
622,124.4,0.00039408642418503614
623,124.60000000000001,0.0003883690273531748
624,124.80000000000001,0.00038273394395460514
625,125.0,0.00037717999826192283
626,125.2,0.0003717060301486885
627,125.4,0.0003663108947826732
628,125.60000000000001,0.0003609934751561683
629,125.80000000000001,0.0003557526975843661
630,126.0,0.0003505874734743841
631,126.2,0.0003454967269250764
632,126.4,0.00034047939660364346
633,126.60000000000001,0.0003355344354635248
634,126.80000000000001,0.0003306608104617359
635,127.0,0.00032585750227553945
636,127.2,0.0003211235050194494
637,127.4,0.0003164578259639006
638,127.60000000000001,0.0003118594852502543
639,127.80000000000001,0.00030732751560924587
640,128.0,0.0003028609620783218
641,128.20000000000002,0.00029845888171742274
642,128.4,0.0002941203433275419
643,128.6,0.00028984442716661896
644,128.8,0.00028563022466776555
645,129.0,0.00028147683815527014
646,129.20000000000002,0.0002773833805622683
647,129.4,0.00027334897514741385
648,129.6,0.00026937278696514966
649,129.8,0.0002654540683897366
650,130.0,0.00026159200465736276
651,130.20000000000002,0.00025778578583735
652,130.4,0.00025403461303907804
653,130.6,0.0002503376981934924
654,130.8,0.0002466942638352787
655,131.0,0.00024310354288548108
656,131.20000000000002,0.0002395647784326771
657,131.4,0.00023607722351559612
658,131.6,0.00023264014090462748
659,131.8,0.0002292528028848828
660,132.0,0.0002259144910371491
661,132.20000000000002,0.000222624496020285
662,132.4,0.00021938211735317292
663,132.6,0.00021618666319700441
664,132.8,0.00021303745013734332
665,133.0,0.00020993380296496778
666,133.20000000000002,0.00020687505445959875
667,133.4,0.00020386054517029795
668,133.6,0.00020088964631925776
669,133.8,0.0001979617982083015
670,134.0,0.00019507638924698423
671,134.20000000000002,0.00019223281074787213
672,134.4,0.00018943046234709549
673,134.6,0.00018666875183670495
674,134.8,0.00018394709499724993
675,135.0,0.00018126491542902468
676,135.20000000000002,0.00017862164438608996
677,135.4,0.00017601672060607587
678,135.6,0.00017344959014509165
679,135.8,0.00017091970620730645
680,136.0,0.00016842652897919308
681,136.20000000000002,0.00016596952546088506
682,136.4,0.00016354816929797789
683,136.6,0.00016116194061444045
684,136.8,0.0001588103258447493
685,137.0,0.0001564928175658009
686,137.20000000000002,0.00015420891432860184
687,137.4,0.00015195812049184632
688,137.6,0.00014973996304190607
689,137.8,0.0001475540239886941
690,138.0,0.0001453998447948912
691,138.20000000000002,0.00014327696841953674
692,138.4,0.00014118494407311388
693,138.6,0.00013912332708831965
694,138.8,0.00013709167879127904
695,139.0,0.00013508956637409142
696,139.20000000000002,0.00013311656276504547
697,139.4,0.00013117224650061043
698,139.6,0.00012925620159731643
699,139.8,0.00012736801742163628
700,140.0,0.00012550728856330906
701,140.20000000000002,0.00012367361470611016
702,140.4,0.00012186660049795517
703,140.6,0.00012008585542466754
704,140.8,0.00011833099367930533
705,141.0,0.00011660163403492962
706,141.20000000000002,0.00011489739971548563
707,141.4,0.00011321791826701677
708,141.6,0.00011156283436641878
709,141.8,0.00010993183793917005
710,142.0,0.00010832458592846539
711,142.20000000000002,0.00010674073569216791
712,142.4,0.00010517994930792085
713,142.6,0.00010364189347555897
714,142.8,0.0001021262394208522
715,143.0,0.00010063266279880523
716,143.20000000000002,9.91608435969571e-05
717,143.4,9.771046603845868e-05
718,143.6,9.628121848503923e-05
719,143.8,9.487279334119414e-05
720,144.0,9.348488695581914e-05
721,144.20000000000002,9.211719952773034e-05
722,144.4,9.076943500663237e-05
723,144.6,8.944130099752812e-05
724,144.8,8.813250866446243e-05
725,145.0,8.68427726319343e-05
726,145.20000000000002,8.557181089041688e-05
727,145.4,8.431934469765867e-05
728,145.6,8.308510726373619e-05
729,145.8,8.186886536276639e-05
730,146.0,8.067036225645197e-05
731,146.20000000000002,7.948934129309304e-05
732,146.4,7.832554935760516e-05
733,146.6,7.717873679835563e-05
734,146.8,7.604865735277855e-05
735,147.0,7.493506807498829e-05
736,147.20000000000002,7.38377292607284e-05
737,147.4,7.275640437387487e-05
738,147.6,7.169085997416058e-05
739,147.8,7.064086564112504e-05
740,148.0,6.960619390228295e-05
741,148.20000000000002,6.858662015907235e-05
742,148.4,6.758192261202556e-05
743,148.6,6.659188218860468e-05
744,148.8,6.561628246848361e-05
745,149.0,6.465490961027331e-05
746,149.20000000000002,6.370755227746994e-05
747,149.4,6.277400156518009e-05
748,149.6,6.18540595221928e-05
749,149.8,6.0947562250834864e-05
750,150.0,6.005431945677042e-05
751,150.20000000000002,5.917413935874194e-05
752,150.4,5.830683273555515e-05
753,150.6,5.745221286568292e-05
754,150.8,5.6610095465314814e-05
755,151.0,5.578029862807199e-05
756,151.20000000000002,5.4962642762168556e-05
757,151.4,5.415695053012648e-05
758,151.6,5.3363046787491264e-05
759,151.8,5.258075852088151e-05
760,152.0,5.180991478692665e-05
761,152.20000000000002,5.105034665153774e-05
762,152.4,5.030188712740191e-05
763,152.6,4.956437111380829e-05
764,152.8,4.8837635334586516e-05
765,153.0,4.812151827682243e-05
766,153.20000000000002,4.741586013035093e-05
767,153.4,4.672050272525041e-05
768,153.60000000000002,4.6035289471335616e-05
769,153.8,4.536006529654024e-05
770,154.0,4.469467658518855e-05
771,154.20000000000002,4.403897111771027e-05
772,154.4,4.339279800835705e-05
773,154.60000000000002,4.275601855197042e-05
774,154.8,4.212854944762867e-05
775,155.0,4.1510264604416314e-05
776,155.20000000000002,4.090103093778996e-05
777,155.4,4.030071719252071e-05
778,155.60000000000002,3.970919390150485e-05
779,155.8,3.9126333345129716e-05
780,156.0,3.8552009509418284e-05
781,156.20000000000002,3.798609804450681e-05
782,156.4,3.742847622367762e-05
783,156.60000000000002,3.687902290172573e-05
784,156.8,3.6337618474324707e-05
785,157.0,3.580414483539407e-05
786,157.20000000000002,3.5278485337242316e-05
787,157.4,3.476052474782332e-05
788,157.60000000000002,3.425014921087932e-05
789,157.8,3.3747246203197356e-05
790,158.0,3.32517044940861e-05
791,158.20000000000002,3.276341410396455e-05
792,158.4,3.2282266262617654e-05
793,158.60000000000002,3.180815336856213e-05
794,158.8,3.134096894696903e-05
795,159.0,3.0880607608696486e-05
796,159.20000000000002,3.0426965009211493e-05
797,159.4,2.9979937806623447e-05
798,159.60000000000002,2.953942837502499e-05
799,159.8,2.910537210776276e-05
800,160.0,2.8677681966571278e-05
801,160.20000000000002,2.8256265664383662e-05
802,160.4,2.784103216946221e-05
803,160.60000000000002,2.743189167486726e-05
804,160.8,2.7028755568037077e-05
805,161.0,2.6631536402033085e-05
806,161.20000000000002,2.6240147865674857e-05
807,161.4,2.5854504751343654e-05
808,161.60000000000002,2.5474522928559118e-05
809,161.8,2.5100119311227687e-05
810,162.0,2.4731211829553956e-05
811,162.20000000000002,2.436771939917648e-05
812,162.4,2.4009561891302766e-05
813,162.60000000000002,2.365666010362144e-05
814,162.8,2.3308935729549063e-05
815,163.0,2.296631132880922e-05
816,163.20000000000002,2.262871029701241e-05
817,163.4,2.2296056836679234e-05
818,163.60000000000002,2.196827592637618e-05
819,163.8,2.164529329129472e-05
820,164.0,2.1327035373941428e-05
821,164.20000000000002,2.1013429302607634e-05
822,164.4,2.070440286328079e-05
823,164.60000000000002,2.0399887148969675e-05
824,164.8,2.0099839012632792e-05
825,165.0,1.9804199729134275e-05
826,165.20000000000002,1.9512905148566517e-05
827,165.4,1.922589198122271e-05
828,165.60000000000002,1.8943097777390783e-05
829,165.8,1.8664460905815083e-05
830,166.0,1.838992053349031e-05
831,166.20000000000002,1.8119416603568084e-05
832,166.4,1.7852889815261896e-05
833,166.60000000000002,1.7590281601753688e-05
834,166.8,1.7331534110764935e-05
835,167.0,1.707659018124197e-05
836,167.20000000000002,1.6825393324593207e-05
837,167.4,1.6577887701485494e-05
838,167.60000000000002,1.6334018102970305e-05
839,167.8,1.6093729927724176e-05
840,168.0,1.5856969161731627e-05
841,168.20000000000002,1.562368235696887e-05
842,168.4,1.5393816610864697e-05
843,168.60000000000002,1.516731954442907e-05
844,168.8,1.494413928182503e-05
845,169.0,1.4724224429163435e-05
846,169.20000000000002,1.4507524053408716e-05
847,169.4,1.429398766150669e-05
848,169.60000000000002,1.4083566650113788e-05
849,169.8,1.3876232802800814e-05
850,170.0,1.3671947237225979e-05
851,170.20000000000002,1.347066555956733e-05
852,170.4,1.3272343992176694e-05
853,170.60000000000002,1.3076939358702688e-05
854,170.8,1.2884409070657021e-05
855,171.0,1.2694711113203638e-05
856,171.20000000000002,1.2507804030947867e-05
857,171.4,1.232364691416965e-05
858,171.60000000000002,1.2142199384612695e-05
859,171.8,1.1963421581939748e-05
860,172.0,1.1787274148966631e-05
861,172.20000000000002,1.1613718218228541e-05
862,172.4,1.1442715397880221e-05
863,172.60000000000002,1.1274227757707145e-05
864,172.8,1.11082178145816e-05
865,173.0,1.094464851914001e-05
866,173.20000000000002,1.0783483241572078e-05
867,173.4,1.0624685757409935e-05
868,173.60000000000002,1.0468220233761372e-05
869,173.8,1.031405121532103e-05
870,174.0,1.0162143609493413e-05
871,174.20000000000002,1.0012462674069411e-05
872,174.4,9.864974001905225e-06
873,174.60000000000002,9.718843425376988e-06
874,174.8,9.575798226468812e-06
875,175.0,9.434838709743154e-06
876,175.20000000000002,9.295936887143696e-06
877,175.4,9.159064952690699e-06
878,175.60000000000002,9.024195284257353e-06
879,175.8,8.89130044245956e-06
880,176.0,8.760353171322066e-06
881,176.20000000000002,8.631326397390282e-06
882,176.4,8.50419323150664e-06
883,176.60000000000002,8.378926966479128e-06
884,176.8,8.255501078968663e-06
885,177.0,8.133889228378877e-06
886,177.20000000000002,8.014065257411218e-06
887,177.4,7.896003191953938e-06
888,177.60000000000002,7.779677240637994e-06
889,177.8,7.665061795947281e-06
890,178.0,7.5521314331084e-06
891,178.20000000000002,7.440860910201685e-06
892,178.4,7.33122516893836e-06
893,178.60000000000002,7.223199333550312e-06
894,178.8,7.116758712566451e-06
895,179.0,7.011878796148174e-06
896,179.20000000000002,6.908535258753901e-06
897,179.4,6.806703957362714e-06
898,179.60000000000002,6.706361246888726e-06
899,179.8,6.607494935528813e-06
900,180.0,6.510088634170685e-06
901,180.20000000000002,6.414120845232851e-06
902,180.4,6.319570318158441e-06
903,180.60000000000002,6.226416049859296e-06
904,180.8,6.134637284493927e-06
905,181.0,6.044213513245467e-06
906,181.20000000000002,5.955124475320872e-06
907,181.4,5.867350156507634e-06
908,181.60000000000002,5.780870790283998e-06
909,181.8,5.6956668573748814e-06
910,182.0,5.611719085640843e-06
911,182.20000000000002,5.529008450855244e-06
912,182.4,5.447516175038913e-06
913,182.60000000000002,5.367223728458548e-06
914,182.8,5.288112828405467e-06
915,183.0,5.210165439417658e-06
916,183.20000000000002,5.1333637732797754e-06
917,183.4,5.0576902894672315e-06
918,183.60000000000002,4.983127694258016e-06
919,183.8,4.9096589415098535e-06
920,184.0,4.8372672325491806e-06
921,184.20000000000002,4.765936015505012e-06
922,184.4,4.695648986419165e-06
923,184.60000000000002,4.6263900882470566e-06
924,184.8,4.558143511523838e-06
925,185.0,4.490893693698261e-06
926,185.20000000000002,4.42462533312149e-06
927,185.4,4.359325615488352e-06
928,185.60000000000002,4.294981662211761e-06
929,185.8,4.231579324609491e-06
930,186.0,4.1691047151237726e-06
931,186.20000000000002,4.107544208542535e-06
932,186.4,4.046884441222254e-06
933,186.60000000000002,3.987112310421814e-06
934,186.8,3.928214975412736e-06
935,187.0,3.870179857479172e-06
936,187.20000000000002,3.812994638696665e-06
937,187.4,3.7566472634864567e-06
938,187.60000000000002,3.7011259371722005e-06
939,187.8,3.6464191274232505e-06
940,188.0,3.592515563033416e-06
941,188.20000000000002,3.5394042345870957e-06
942,188.4,3.487074393904166e-06
943,188.60000000000002,3.4355155551502037e-06
944,188.8,3.3847174933931967e-06
945,189.0,3.334670245491722e-06
946,189.20000000000002,3.2853641102059683e-06
947,189.4,3.2367896475316016e-06
948,189.60000000000002,3.188937679143855e-06
949,189.8,3.141799288841618e-06
950,190.0,3.095365820882101e-06
951,190.20000000000002,3.0496288824233275e-06
952,190.4,3.0045803413036865e-06
953,190.60000000000002,2.9602123274852232e-06
954,190.8,2.9165172323875055e-06
955,191.0,2.8734762619331278e-06
956,191.20000000000002,2.8310679700549457e-06
957,191.4,2.7892829030928823e-06
958,191.60000000000002,2.748111788575258e-06
959,191.8,2.7075455270031412e-06
960,192.0,2.667575191961369e-06
961,192.20000000000002,2.6281920295634364e-06
962,192.4,2.5893874594506983e-06
963,192.60000000000002,2.5511530737931665e-06
964,192.8,2.513480638288712e-06
965,193.0,2.4763620910528417e-06
966,193.20000000000002,2.439789543506876e-06
967,193.4,2.403755280155906e-06
968,193.60000000000002,2.368251757922657e-06
969,193.8,2.333271607479759e-06
970,194.0,2.2988076318064543e-06
971,194.20000000000002,2.264852807409845e-06
972,194.4,2.231400283436713e-06
973,194.60000000000002,2.198443381895565e-06
974,194.8,2.165975598322767e-06
975,195.0,2.1339906010053866e-06
976,195.20000000000002,2.1024822307591506e-06
977,195.4,2.0714445020386663e-06
978,195.60000000000002,2.040871601827199e-06
979,195.8,2.010757890413828e-06
980,196.0,1.981097900616291e-06
981,196.20000000000002,1.951886338669162e-06
982,196.4,1.9231180837797623e-06
983,196.60000000000002,1.894782178823995e-06
984,196.8,1.8668629233609124e-06
985,197.0,1.839353825250356e-06
986,197.20000000000002,1.812248649257775e-06
987,197.4,1.785541273835456e-06
988,197.60000000000002,1.7592256910115012e-06
989,197.8,1.7332960068339176e-06
990,198.0,1.7077464410375498e-06
991,198.20000000000002,1.6825713269330578e-06
992,198.4,1.6577651115179393e-06
993,198.60000000000002,1.633322355254485e-06
994,198.8,1.6092377331800023e-06
995,199.0,1.5855060330194348e-06
996,199.20000000000002,1.5621221570727428e-06
997,199.4,1.5390811204385457e-06
998,199.60000000000002,1.5163780530125237e-06
999,199.8,1.494008197377994e-06
1000,200.0,1.4719669102492006e-06
